File,C:\Users\wj86\Documents\gitrepo\python-workspace\python-patterns\behavioral\catalog.py,catalog.py
Class,behavioral.catalog.Catalog,Catalog
Method,behavioral.catalog.Catalog.__init__,__init__
Method,behavioral.catalog.Catalog._static_method_1,_static_method_1
Method,behavioral.catalog.Catalog._static_method_2,_static_method_2
Method,behavioral.catalog.Catalog.main_method,main_method
Class,behavioral.catalog.CatalogInstance,CatalogInstance
Method,behavioral.catalog.CatalogInstance.__init__,__init__
Method,behavioral.catalog.CatalogInstance._instance_method_1,_instance_method_1
Method,behavioral.catalog.CatalogInstance._instance_method_2,_instance_method_2
Method,behavioral.catalog.CatalogInstance.main_method,main_method
Class,behavioral.catalog.CatalogClass,CatalogClass
Method,behavioral.catalog.CatalogClass.__init__,__init__
Method,behavioral.catalog.CatalogClass._class_method_1,_class_method_1
Method,behavioral.catalog.CatalogClass._class_method_2,_class_method_2
Method,behavioral.catalog.CatalogClass.main_method,main_method
Class,behavioral.catalog.CatalogStatic,CatalogStatic
Method,behavioral.catalog.CatalogStatic.__init__,__init__
Method,behavioral.catalog.CatalogStatic._static_method_1,_static_method_1
Method,behavioral.catalog.CatalogStatic._static_method_2,_static_method_2
Method,behavioral.catalog.CatalogStatic.main_method,main_method
Function,behavioral.catalog.main,main
Function,C:\Users\wj86\Documents\gitrepo\python-workspace\python-patterns\behavioral\catalog.py,catalog.py
File,C:\Users\wj86\Documents\gitrepo\python-workspace\python-patterns\behavioral\chain.py,chain.py
Class,behavioral.chain.Handler,Handler
Method,behavioral.chain.Handler.__init__,__init__
Method,behavioral.chain.Handler.handle,handle
Method,behavioral.chain.Handler._handle,_handle
Class,behavioral.chain.ConcreteHandler1,ConcreteHandler1
Method,behavioral.chain.ConcreteHandler1._handle,_handle
Method,behavioral.chain.ConcreteHandler1.__init__,__init__
Class,behavioral.chain.ConcreteHandler2,ConcreteHandler2
Method,behavioral.chain.ConcreteHandler2._handle,_handle
Method,behavioral.chain.ConcreteHandler2.__init__,__init__
Class,behavioral.chain.ConcreteHandler3,ConcreteHandler3
Method,behavioral.chain.ConcreteHandler3._handle,_handle
Method,behavioral.chain.ConcreteHandler3.__init__,__init__
Class,behavioral.chain.DefaultHandler,DefaultHandler
Method,behavioral.chain.DefaultHandler._handle,_handle
Method,behavioral.chain.DefaultHandler.__init__,__init__
Class,behavioral.chain.Client,Client
Method,behavioral.chain.Client.__init__,__init__
Method,behavioral.chain.Client.delegate,delegate
Function,behavioral.chain.coroutine,coroutine
Function,behavioral.chain.coroutine.start,start
Function,behavioral.chain.coroutine1,coroutine1
Function,behavioral.chain.coroutine2,coroutine2
Function,behavioral.chain.coroutine3,coroutine3
Function,behavioral.chain.default_coroutine,default_coroutine
Class,behavioral.chain.ClientCoroutine,ClientCoroutine
Method,behavioral.chain.ClientCoroutine.__init__,__init__
Method,behavioral.chain.ClientCoroutine.delegate,delegate
Function,behavioral.chain.timeit,timeit
Function,behavioral.chain.timeit.count,count
Function,behavioral.chain.suppress_stdout,suppress_stdout
Function,C:\Users\wj86\Documents\gitrepo\python-workspace\python-patterns\behavioral\chain.py,chain.py
File,C:\Users\wj86\Documents\gitrepo\python-workspace\python-patterns\behavioral\chaining_method.py,chaining_method.py
Class,behavioral.chaining_method.Person,Person
Method,behavioral.chaining_method.Person.__init__,__init__
Method,behavioral.chaining_method.Person.do_action,do_action
Class,behavioral.chaining_method.Action,Action
Method,behavioral.chaining_method.Action.__init__,__init__
Method,behavioral.chaining_method.Action.amount,amount
Method,behavioral.chaining_method.Action.stop,stop
Function,C:\Users\wj86\Documents\gitrepo\python-workspace\python-patterns\behavioral\chaining_method.py,chaining_method.py
File,C:\Users\wj86\Documents\gitrepo\python-workspace\python-patterns\behavioral\command.py,command.py
Class,behavioral.command.MoveFileCommand,MoveFileCommand
Method,behavioral.command.MoveFileCommand.__init__,__init__
Method,behavioral.command.MoveFileCommand.execute,execute
Method,behavioral.command.MoveFileCommand.undo,undo
Method,behavioral.command.MoveFileCommand.rename,rename
Function,behavioral.command.main,main
Function,C:\Users\wj86\Documents\gitrepo\python-workspace\python-patterns\behavioral\command.py,command.py
File,C:\Users\wj86\Documents\gitrepo\python-workspace\python-patterns\behavioral\iterator.py,iterator.py
Function,behavioral.iterator.count_to,count_to
File,C:\Users\wj86\Documents\gitrepo\python-workspace\python-patterns\behavioral\mediator.py,mediator.py
Class,behavioral.mediator.TC,TC
Method,behavioral.mediator.TC.__init__,__init__
Method,behavioral.mediator.TC.setup,setup
Method,behavioral.mediator.TC.execute,execute
Method,behavioral.mediator.TC.tearDown,tearDown
Method,behavioral.mediator.TC.setTM,setTM
Method,behavioral.mediator.TC.setProblem,setProblem
Class,behavioral.mediator.Reporter,Reporter
Method,behavioral.mediator.Reporter.__init__,__init__
Method,behavioral.mediator.Reporter.prepare,prepare
Method,behavioral.mediator.Reporter.report,report
Method,behavioral.mediator.Reporter.setTM,setTM
Class,behavioral.mediator.DB,DB
Method,behavioral.mediator.DB.__init__,__init__
Method,behavioral.mediator.DB.insert,insert
Method,behavioral.mediator.DB.update,update
Method,behavioral.mediator.DB.setTM,setTM
Class,behavioral.mediator.TestManager,TestManager
Method,behavioral.mediator.TestManager.__init__,__init__
Method,behavioral.mediator.TestManager.prepareReporting,prepareReporting
Method,behavioral.mediator.TestManager.setReporter,setReporter
Method,behavioral.mediator.TestManager.setDB,setDB
Method,behavioral.mediator.TestManager.publishReport,publishReport
Method,behavioral.mediator.TestManager.setTC,setTC
Function,C:\Users\wj86\Documents\gitrepo\python-workspace\python-patterns\behavioral\mediator.py,mediator.py
File,C:\Users\wj86\Documents\gitrepo\python-workspace\python-patterns\behavioral\memento.py,memento.py
Function,behavioral.memento.memento,memento
Function,behavioral.memento.memento.restore,restore
Class,behavioral.memento.Transaction,Transaction
Method,behavioral.memento.Transaction.__init__,__init__
Method,behavioral.memento.Transaction.commit,commit
Method,behavioral.memento.Transaction.rollback,rollback
Class,behavioral.memento.Transactional,Transactional
Method,behavioral.memento.Transactional.__init__,__init__
Method,behavioral.memento.Transactional.__get__,__get__
Function,behavioral.memento.Transactional.__get__.transaction,transaction
Class,behavioral.memento.NumObj,NumObj
Method,behavioral.memento.NumObj.__init__,__init__
Method,behavioral.memento.NumObj.__repr__,__repr__
Method,behavioral.memento.NumObj.increment,increment
Method,behavioral.memento.NumObj.do_stuff,do_stuff
Function,C:\Users\wj86\Documents\gitrepo\python-workspace\python-patterns\behavioral\memento.py,memento.py
File,C:\Users\wj86\Documents\gitrepo\python-workspace\python-patterns\behavioral\observer.py,observer.py
Class,behavioral.observer.Subject,Subject
Method,behavioral.observer.Subject.__init__,__init__
Method,behavioral.observer.Subject.attach,attach
Method,behavioral.observer.Subject.detach,detach
Method,behavioral.observer.Subject.notify,notify
Class,behavioral.observer.Data,Data
Method,behavioral.observer.Data.__init__,__init__
Method,behavioral.observer.Data.data,data
Method,behavioral.observer.Data.data,data
Class,behavioral.observer.HexViewer,HexViewer
Method,behavioral.observer.HexViewer.update,update
Method,behavioral.observer.HexViewer.__init__,__init__
Class,behavioral.observer.DecimalViewer,DecimalViewer
Method,behavioral.observer.DecimalViewer.update,update
Method,behavioral.observer.DecimalViewer.__init__,__init__
Function,behavioral.observer.main,main
Function,C:\Users\wj86\Documents\gitrepo\python-workspace\python-patterns\behavioral\observer.py,observer.py
File,C:\Users\wj86\Documents\gitrepo\python-workspace\python-patterns\behavioral\publish_subscribe.py,publish_subscribe.py
Class,behavioral.publish_subscribe.Provider,Provider
Method,behavioral.publish_subscribe.Provider.__init__,__init__
Method,behavioral.publish_subscribe.Provider.notify,notify
Method,behavioral.publish_subscribe.Provider.subscribe,subscribe
Method,behavioral.publish_subscribe.Provider.unsubscribe,unsubscribe
Method,behavioral.publish_subscribe.Provider.update,update
Class,behavioral.publish_subscribe.Publisher,Publisher
Method,behavioral.publish_subscribe.Publisher.__init__,__init__
Method,behavioral.publish_subscribe.Publisher.publish,publish
Class,behavioral.publish_subscribe.Subscriber,Subscriber
Method,behavioral.publish_subscribe.Subscriber.__init__,__init__
Method,behavioral.publish_subscribe.Subscriber.subscribe,subscribe
Method,behavioral.publish_subscribe.Subscriber.unsubscribe,unsubscribe
Method,behavioral.publish_subscribe.Subscriber.run,run
Function,behavioral.publish_subscribe.main,main
Function,C:\Users\wj86\Documents\gitrepo\python-workspace\python-patterns\behavioral\publish_subscribe.py,publish_subscribe.py
File,C:\Users\wj86\Documents\gitrepo\python-workspace\python-patterns\behavioral\registry.py,registry.py
Class,behavioral.registry.RegistryHolder,RegistryHolder
Method,behavioral.registry.RegistryHolder.__new__,__new__
Method,behavioral.registry.RegistryHolder.get_registry,get_registry
Method,behavioral.registry.RegistryHolder.__init__,__init__
Class,behavioral.registry.BaseRegisteredClass,BaseRegisteredClass
Method,behavioral.registry.BaseRegisteredClass.__init__,__init__
Function,C:\Users\wj86\Documents\gitrepo\python-workspace\python-patterns\behavioral\registry.py,registry.py
Class,behavioral.registry.__main__.ClassRegistree,ClassRegistree
File,C:\Users\wj86\Documents\gitrepo\python-workspace\python-patterns\behavioral\specification.py,specification.py
Class,behavioral.specification.Specification,Specification
Method,behavioral.specification.Specification.and_specification,and_specification
Method,behavioral.specification.Specification.or_specification,or_specification
Method,behavioral.specification.Specification.not_specification,not_specification
Method,behavioral.specification.Specification.is_satisfied_by,is_satisfied_by
Method,behavioral.specification.Specification.__init__,__init__
Class,behavioral.specification.CompositeSpecification,CompositeSpecification
Method,behavioral.specification.CompositeSpecification.is_satisfied_by,is_satisfied_by
Method,behavioral.specification.CompositeSpecification.and_specification,and_specification
Method,behavioral.specification.CompositeSpecification.or_specification,or_specification
Method,behavioral.specification.CompositeSpecification.not_specification,not_specification
Method,behavioral.specification.CompositeSpecification.__init__,__init__
Class,behavioral.specification.AndSpecification,AndSpecification
Method,behavioral.specification.AndSpecification.__init__,__init__
Method,behavioral.specification.AndSpecification.is_satisfied_by,is_satisfied_by
Class,behavioral.specification.OrSpecification,OrSpecification
Method,behavioral.specification.OrSpecification.__init__,__init__
Method,behavioral.specification.OrSpecification.is_satisfied_by,is_satisfied_by
Class,behavioral.specification.NotSpecification,NotSpecification
Method,behavioral.specification.NotSpecification.__init__,__init__
Method,behavioral.specification.NotSpecification.is_satisfied_by,is_satisfied_by
Class,behavioral.specification.User,User
Method,behavioral.specification.User.__init__,__init__
Class,behavioral.specification.UserSpecification,UserSpecification
Method,behavioral.specification.UserSpecification.is_satisfied_by,is_satisfied_by
Method,behavioral.specification.UserSpecification.__init__,__init__
Class,behavioral.specification.SuperUserSpecification,SuperUserSpecification
Method,behavioral.specification.SuperUserSpecification.is_satisfied_by,is_satisfied_by
Method,behavioral.specification.SuperUserSpecification.__init__,__init__
Function,C:\Users\wj86\Documents\gitrepo\python-workspace\python-patterns\behavioral\specification.py,specification.py
File,C:\Users\wj86\Documents\gitrepo\python-workspace\python-patterns\behavioral\state.py,state.py
Class,behavioral.state.State,State
Method,behavioral.state.State.scan,scan
Method,behavioral.state.State.__init__,__init__
Class,behavioral.state.AmState,AmState
Method,behavioral.state.AmState.__init__,__init__
Method,behavioral.state.AmState.toggle_amfm,toggle_amfm
Class,behavioral.state.FmState,FmState
Method,behavioral.state.FmState.__init__,__init__
Method,behavioral.state.FmState.toggle_amfm,toggle_amfm
Class,behavioral.state.Radio,Radio
Method,behavioral.state.Radio.__init__,__init__
Method,behavioral.state.Radio.toggle_amfm,toggle_amfm
Method,behavioral.state.Radio.scan,scan
Function,C:\Users\wj86\Documents\gitrepo\python-workspace\python-patterns\behavioral\state.py,state.py
File,C:\Users\wj86\Documents\gitrepo\python-workspace\python-patterns\behavioral\strategy.py,strategy.py
Class,behavioral.strategy.StrategyExample,StrategyExample
Method,behavioral.strategy.StrategyExample.__init__,__init__
Method,behavioral.strategy.StrategyExample.execute,execute
Function,behavioral.strategy.execute_replacement1,execute_replacement1
Function,behavioral.strategy.execute_replacement2,execute_replacement2
Function,C:\Users\wj86\Documents\gitrepo\python-workspace\python-patterns\behavioral\strategy.py,strategy.py
File,C:\Users\wj86\Documents\gitrepo\python-workspace\python-patterns\behavioral\template.py,template.py
Function,behavioral.template.iter_elements,iter_elements
Function,behavioral.template.rev_elements,rev_elements
Function,behavioral.template.get_list,get_list
Function,behavioral.template.get_lists,get_lists
Function,behavioral.template.print_item,print_item
Function,behavioral.template.reverse_item,reverse_item
Function,behavioral.template.make_template,make_template
Function,behavioral.template.make_template.template,template
File,C:\Users\wj86\Documents\gitrepo\python-workspace\python-patterns\behavioral\visitor.py,visitor.py
Class,behavioral.visitor.Node,Node
Method,behavioral.visitor.Node.__init__,__init__
Class,behavioral.visitor.A,A
Method,behavioral.visitor.A.__init__,__init__
Class,behavioral.visitor.B,B
Method,behavioral.visitor.B.__init__,__init__
Class,behavioral.visitor.C,C
Method,behavioral.visitor.C.__init__,__init__
Class,behavioral.visitor.Visitor,Visitor
Method,behavioral.visitor.Visitor.visit,visit
Method,behavioral.visitor.Visitor.generic_visit,generic_visit
Method,behavioral.visitor.Visitor.visit_B,visit_B
Method,behavioral.visitor.Visitor.__init__,__init__
Package,behavioral,behavioral
File,C:\Users\wj86\Documents\gitrepo\python-workspace\python-patterns\behavioral\__init__.py,__init__.py
File,C:\Users\wj86\Documents\gitrepo\python-workspace\python-patterns\creational\abstract_factory.py,abstract_factory.py
Class,creational.abstract_factory.PetShop,PetShop
Method,creational.abstract_factory.PetShop.__init__,__init__
Method,creational.abstract_factory.PetShop.show_pet,show_pet
Class,creational.abstract_factory.Dog,Dog
Method,creational.abstract_factory.Dog.speak,speak
Method,creational.abstract_factory.Dog.__str__,__str__
Method,creational.abstract_factory.Dog.__init__,__init__
Class,creational.abstract_factory.Cat,Cat
Method,creational.abstract_factory.Cat.speak,speak
Method,creational.abstract_factory.Cat.__str__,__str__
Method,creational.abstract_factory.Cat.__init__,__init__
Function,creational.abstract_factory.random_animal,random_animal
Function,C:\Users\wj86\Documents\gitrepo\python-workspace\python-patterns\creational\abstract_factory.py,abstract_factory.py
File,C:\Users\wj86\Documents\gitrepo\python-workspace\python-patterns\creational\borg.py,borg.py
Class,creational.borg.Borg,Borg
Method,creational.borg.Borg.__init__,__init__
Method,creational.borg.Borg.__str__,__str__
Class,creational.borg.YourBorg,YourBorg
Method,creational.borg.YourBorg.__init__,__init__
Function,C:\Users\wj86\Documents\gitrepo\python-workspace\python-patterns\creational\borg.py,borg.py
File,C:\Users\wj86\Documents\gitrepo\python-workspace\python-patterns\creational\builder.py,builder.py
Class,creational.builder.Building,Building
Method,creational.builder.Building.__init__,__init__
Method,creational.builder.Building.build_floor,build_floor
Method,creational.builder.Building.build_size,build_size
Method,creational.builder.Building.__repr__,__repr__
Class,creational.builder.House,House
Method,creational.builder.House.build_floor,build_floor
Method,creational.builder.House.build_size,build_size
Method,creational.builder.House.__init__,__init__
Class,creational.builder.Flat,Flat
Method,creational.builder.Flat.build_floor,build_floor
Method,creational.builder.Flat.build_size,build_size
Method,creational.builder.Flat.__init__,__init__
Class,creational.builder.ComplexBuilding,ComplexBuilding
Method,creational.builder.ComplexBuilding.__repr__,__repr__
Method,creational.builder.ComplexBuilding.__init__,__init__
Class,creational.builder.ComplexHouse,ComplexHouse
Method,creational.builder.ComplexHouse.build_floor,build_floor
Method,creational.builder.ComplexHouse.build_size,build_size
Method,creational.builder.ComplexHouse.__init__,__init__
Function,creational.builder.construct_building,construct_building
Function,C:\Users\wj86\Documents\gitrepo\python-workspace\python-patterns\creational\builder.py,builder.py
File,C:\Users\wj86\Documents\gitrepo\python-workspace\python-patterns\creational\factory_method.py,factory_method.py
Class,creational.factory_method.GreekGetter,GreekGetter
Method,creational.factory_method.GreekGetter.__init__,__init__
Method,creational.factory_method.GreekGetter.get,get
Class,creational.factory_method.EnglishGetter,EnglishGetter
Method,creational.factory_method.EnglishGetter.get,get
Method,creational.factory_method.EnglishGetter.__init__,__init__
Function,creational.factory_method.get_localizer,get_localizer
Function,C:\Users\wj86\Documents\gitrepo\python-workspace\python-patterns\creational\factory_method.py,factory_method.py
File,C:\Users\wj86\Documents\gitrepo\python-workspace\python-patterns\creational\lazy_evaluation.py,lazy_evaluation.py
Class,creational.lazy_evaluation.lazy_property,lazy_property
Method,creational.lazy_evaluation.lazy_property.__init__,__init__
Method,creational.lazy_evaluation.lazy_property.__get__,__get__
Function,creational.lazy_evaluation.lazy_property2,lazy_property2
Function,creational.lazy_evaluation.lazy_property2._lazy_property,_lazy_property
Class,creational.lazy_evaluation.Person,Person
Method,creational.lazy_evaluation.Person.__init__,__init__
Method,creational.lazy_evaluation.Person.relatives,relatives
Method,creational.lazy_evaluation.Person.parents,parents
Function,creational.lazy_evaluation.main,main
Function,C:\Users\wj86\Documents\gitrepo\python-workspace\python-patterns\creational\lazy_evaluation.py,lazy_evaluation.py
File,C:\Users\wj86\Documents\gitrepo\python-workspace\python-patterns\creational\pool.py,pool.py
Class,creational.pool.ObjectPool,ObjectPool
Method,creational.pool.ObjectPool.__init__,__init__
Method,creational.pool.ObjectPool.__enter__,__enter__
Method,creational.pool.ObjectPool.__exit__,__exit__
Method,creational.pool.ObjectPool.__del__,__del__
Function,creational.pool.main,main
Function,creational.pool.main.test_object,test_object
Function,C:\Users\wj86\Documents\gitrepo\python-workspace\python-patterns\creational\pool.py,pool.py
File,C:\Users\wj86\Documents\gitrepo\python-workspace\python-patterns\creational\prototype.py,prototype.py
Class,creational.prototype.Prototype,Prototype
Method,creational.prototype.Prototype.clone,clone
Method,creational.prototype.Prototype.__init__,__init__
Class,creational.prototype.PrototypeDispatcher,PrototypeDispatcher
Method,creational.prototype.PrototypeDispatcher.__init__,__init__
Method,creational.prototype.PrototypeDispatcher.get_objects,get_objects
Method,creational.prototype.PrototypeDispatcher.register_object,register_object
Method,creational.prototype.PrototypeDispatcher.unregister_object,unregister_object
Function,creational.prototype.main,main
Function,C:\Users\wj86\Documents\gitrepo\python-workspace\python-patterns\creational\prototype.py,prototype.py
Package,creational,creational
File,C:\Users\wj86\Documents\gitrepo\python-workspace\python-patterns\creational\__init__.py,__init__.py
File,C:\Users\wj86\Documents\gitrepo\python-workspace\python-patterns\dft\constructor_injection.py,constructor_injection.py
Class,dft.constructor_injection.TimeDisplay,TimeDisplay
Method,dft.constructor_injection.TimeDisplay.__init__,__init__
Method,dft.constructor_injection.TimeDisplay.get_current_time_as_html_fragment,get_current_time_as_html_fragment
Class,dft.constructor_injection.ProductionCodeTimeProvider,ProductionCodeTimeProvider
Method,dft.constructor_injection.ProductionCodeTimeProvider.now,now
Method,dft.constructor_injection.ProductionCodeTimeProvider.__init__,__init__
Class,dft.constructor_injection.MidnightTimeProvider,MidnightTimeProvider
Method,dft.constructor_injection.MidnightTimeProvider.now,now
Method,dft.constructor_injection.MidnightTimeProvider.__init__,__init__
File,C:\Users\wj86\Documents\gitrepo\python-workspace\python-patterns\dft\parameter_injection.py,parameter_injection.py
Class,dft.parameter_injection.TimeDisplay,TimeDisplay
Method,dft.parameter_injection.TimeDisplay.__init__,__init__
Method,dft.parameter_injection.TimeDisplay.get_current_time_as_html_fragment,get_current_time_as_html_fragment
Class,dft.parameter_injection.ProductionCodeTimeProvider,ProductionCodeTimeProvider
Method,dft.parameter_injection.ProductionCodeTimeProvider.now,now
Method,dft.parameter_injection.ProductionCodeTimeProvider.__init__,__init__
Class,dft.parameter_injection.MidnightTimeProvider,MidnightTimeProvider
Method,dft.parameter_injection.MidnightTimeProvider.now,now
Method,dft.parameter_injection.MidnightTimeProvider.__init__,__init__
File,C:\Users\wj86\Documents\gitrepo\python-workspace\python-patterns\dft\setter_injection.py,setter_injection.py
Class,dft.setter_injection.TimeDisplay,TimeDisplay
Method,dft.setter_injection.TimeDisplay.__init__,__init__
Method,dft.setter_injection.TimeDisplay.set_time_provider,set_time_provider
Method,dft.setter_injection.TimeDisplay.get_current_time_as_html_fragment,get_current_time_as_html_fragment
Class,dft.setter_injection.ProductionCodeTimeProvider,ProductionCodeTimeProvider
Method,dft.setter_injection.ProductionCodeTimeProvider.now,now
Method,dft.setter_injection.ProductionCodeTimeProvider.__init__,__init__
Class,dft.setter_injection.MidnightTimeProvider,MidnightTimeProvider
Method,dft.setter_injection.MidnightTimeProvider.now,now
Method,dft.setter_injection.MidnightTimeProvider.__init__,__init__
Package,dft,dft
File,C:\Users\wj86\Documents\gitrepo\python-workspace\python-patterns\dft\__init__.py,__init__.py
File,C:\Users\wj86\Documents\gitrepo\python-workspace\python-patterns\fundamental\delegation_pattern.py,delegation_pattern.py
Class,fundamental.delegation_pattern.Delegator,Delegator
Method,fundamental.delegation_pattern.Delegator.__init__,__init__
Method,fundamental.delegation_pattern.Delegator.__getattr__,__getattr__
Function,fundamental.delegation_pattern.Delegator.__getattr__.wrapper,wrapper
Class,fundamental.delegation_pattern.Delegate,Delegate
Method,fundamental.delegation_pattern.Delegate.do_something,do_something
Method,fundamental.delegation_pattern.Delegate.__init__,__init__
Function,C:\Users\wj86\Documents\gitrepo\python-workspace\python-patterns\fundamental\delegation_pattern.py,delegation_pattern.py
Package,fundamental,fundamental
File,C:\Users\wj86\Documents\gitrepo\python-workspace\python-patterns\fundamental\__init__.py,__init__.py
File,C:\Users\wj86\Documents\gitrepo\python-workspace\python-patterns\other\blackboard.py,blackboard.py
Class,other.blackboard.Blackboard,Blackboard
Method,other.blackboard.Blackboard.__init__,__init__
Method,other.blackboard.Blackboard.add_expert,add_expert
Class,other.blackboard.Controller,Controller
Method,other.blackboard.Controller.__init__,__init__
Method,other.blackboard.Controller.run_loop,run_loop
Class,other.blackboard.AbstractExpert,AbstractExpert
Method,other.blackboard.AbstractExpert.__init__,__init__
Method,other.blackboard.AbstractExpert.is_eager_to_contribute,is_eager_to_contribute
Method,other.blackboard.AbstractExpert.contribute,contribute
Class,other.blackboard.Student,Student
Method,other.blackboard.Student.is_eager_to_contribute,is_eager_to_contribute
Method,other.blackboard.Student.contribute,contribute
Method,other.blackboard.Student.__init__,__init__
Class,other.blackboard.Scientist,Scientist
Method,other.blackboard.Scientist.is_eager_to_contribute,is_eager_to_contribute
Method,other.blackboard.Scientist.contribute,contribute
Method,other.blackboard.Scientist.__init__,__init__
Class,other.blackboard.Professor,Professor
Method,other.blackboard.Professor.is_eager_to_contribute,is_eager_to_contribute
Method,other.blackboard.Professor.contribute,contribute
Method,other.blackboard.Professor.__init__,__init__
Function,C:\Users\wj86\Documents\gitrepo\python-workspace\python-patterns\other\blackboard.py,blackboard.py
File,C:\Users\wj86\Documents\gitrepo\python-workspace\python-patterns\other\graph_search.py,graph_search.py
Class,other.graph_search.GraphSearch,GraphSearch
Method,other.graph_search.GraphSearch.__init__,__init__
Method,other.graph_search.GraphSearch.find_path,find_path
Method,other.graph_search.GraphSearch.find_all_path,find_all_path
Method,other.graph_search.GraphSearch.find_shortest_path,find_shortest_path
File,C:\Users\wj86\Documents\gitrepo\python-workspace\python-patterns\other\hsm\hsm.py,hsm.py
Class,other.hsm.hsm.UnsupportedMessageType,UnsupportedMessageType
Method,other.hsm.hsm.UnsupportedMessageType.__init__,__init__
Class,other.hsm.hsm.UnsupportedState,UnsupportedState
Method,other.hsm.hsm.UnsupportedState.__init__,__init__
Class,other.hsm.hsm.UnsupportedTransition,UnsupportedTransition
Method,other.hsm.hsm.UnsupportedTransition.__init__,__init__
Class,other.hsm.hsm.HierachicalStateMachine,HierachicalStateMachine
Method,other.hsm.hsm.HierachicalStateMachine.__init__,__init__
Method,other.hsm.hsm.HierachicalStateMachine._next_state,_next_state
Method,other.hsm.hsm.HierachicalStateMachine._send_diagnostics_request,_send_diagnostics_request
Method,other.hsm.hsm.HierachicalStateMachine._raise_alarm,_raise_alarm
Method,other.hsm.hsm.HierachicalStateMachine._clear_alarm,_clear_alarm
Method,other.hsm.hsm.HierachicalStateMachine._perform_switchover,_perform_switchover
Method,other.hsm.hsm.HierachicalStateMachine._send_switchover_response,_send_switchover_response
Method,other.hsm.hsm.HierachicalStateMachine._send_operator_inservice_response,_send_operator_inservice_response
Method,other.hsm.hsm.HierachicalStateMachine._send_diagnostics_failure_report,_send_diagnostics_failure_report
Method,other.hsm.hsm.HierachicalStateMachine._send_diagnostics_pass_report,_send_diagnostics_pass_report
Method,other.hsm.hsm.HierachicalStateMachine._abort_diagnostics,_abort_diagnostics
Method,other.hsm.hsm.HierachicalStateMachine._check_mate_status,_check_mate_status
Method,other.hsm.hsm.HierachicalStateMachine.on_message,on_message
Class,other.hsm.hsm.Unit,Unit
Method,other.hsm.hsm.Unit.__init__,__init__
Method,other.hsm.hsm.Unit.on_switchover,on_switchover
Method,other.hsm.hsm.Unit.on_fault_trigger,on_fault_trigger
Method,other.hsm.hsm.Unit.on_diagnostics_failed,on_diagnostics_failed
Method,other.hsm.hsm.Unit.on_diagnostics_passed,on_diagnostics_passed
Method,other.hsm.hsm.Unit.on_operator_inservice,on_operator_inservice
Class,other.hsm.hsm.Inservice,Inservice
Method,other.hsm.hsm.Inservice.__init__,__init__
Method,other.hsm.hsm.Inservice.on_fault_trigger,on_fault_trigger
Method,other.hsm.hsm.Inservice.on_switchover,on_switchover
Class,other.hsm.hsm.Active,Active
Method,other.hsm.hsm.Active.__init__,__init__
Method,other.hsm.hsm.Active.on_fault_trigger,on_fault_trigger
Method,other.hsm.hsm.Active.on_switchover,on_switchover
Class,other.hsm.hsm.Standby,Standby
Method,other.hsm.hsm.Standby.__init__,__init__
Method,other.hsm.hsm.Standby.on_switchover,on_switchover
Class,other.hsm.hsm.OutOfService,OutOfService
Method,other.hsm.hsm.OutOfService.__init__,__init__
Method,other.hsm.hsm.OutOfService.on_operator_inservice,on_operator_inservice
Class,other.hsm.hsm.Suspect,Suspect
Method,other.hsm.hsm.Suspect.__init__,__init__
Method,other.hsm.hsm.Suspect.on_diagnostics_failed,on_diagnostics_failed
Method,other.hsm.hsm.Suspect.on_diagnostics_passed,on_diagnostics_passed
Method,other.hsm.hsm.Suspect.on_operator_inservice,on_operator_inservice
Class,other.hsm.hsm.Failed,Failed
Method,other.hsm.hsm.Failed.__init__,__init__
Package,other.hsm,hsm
File,C:\Users\wj86\Documents\gitrepo\python-workspace\python-patterns\other\hsm\__init__.py,__init__.py
Package,other,other
File,C:\Users\wj86\Documents\gitrepo\python-workspace\python-patterns\other\__init__.py,__init__.py
File,C:\Users\wj86\Documents\gitrepo\python-workspace\python-patterns\structural\3-tier.py,3-tier.py
Class,structural.3-tier.Data,Data
Method,structural.3-tier.Data.__get__,__get__
Method,structural.3-tier.Data.__init__,__init__
Class,structural.3-tier.BusinessLogic,BusinessLogic
Method,structural.3-tier.BusinessLogic.product_list,product_list
Method,structural.3-tier.BusinessLogic.product_information,product_information
Method,structural.3-tier.BusinessLogic.__init__,__init__
Class,structural.3-tier.Ui,Ui
Method,structural.3-tier.Ui.__init__,__init__
Method,structural.3-tier.Ui.get_product_list,get_product_list
Method,structural.3-tier.Ui.get_product_information,get_product_information
Function,structural.3-tier.main,main
Function,C:\Users\wj86\Documents\gitrepo\python-workspace\python-patterns\structural\3-tier.py,3-tier.py
File,C:\Users\wj86\Documents\gitrepo\python-workspace\python-patterns\structural\adapter.py,adapter.py
Class,structural.adapter.Dog,Dog
Method,structural.adapter.Dog.__init__,__init__
Method,structural.adapter.Dog.bark,bark
Class,structural.adapter.Cat,Cat
Method,structural.adapter.Cat.__init__,__init__
Method,structural.adapter.Cat.meow,meow
Class,structural.adapter.Human,Human
Method,structural.adapter.Human.__init__,__init__
Method,structural.adapter.Human.speak,speak
Class,structural.adapter.Car,Car
Method,structural.adapter.Car.__init__,__init__
Method,structural.adapter.Car.make_noise,make_noise
Class,structural.adapter.Adapter,Adapter
Method,structural.adapter.Adapter.__init__,__init__
Method,structural.adapter.Adapter.__getattr__,__getattr__
Method,structural.adapter.Adapter.original_dict,original_dict
Function,structural.adapter.main,main
Function,C:\Users\wj86\Documents\gitrepo\python-workspace\python-patterns\structural\adapter.py,adapter.py
File,C:\Users\wj86\Documents\gitrepo\python-workspace\python-patterns\structural\bridge.py,bridge.py
Class,structural.bridge.DrawingAPI1,DrawingAPI1
Method,structural.bridge.DrawingAPI1.draw_circle,draw_circle
Method,structural.bridge.DrawingAPI1.__init__,__init__
Class,structural.bridge.DrawingAPI2,DrawingAPI2
Method,structural.bridge.DrawingAPI2.draw_circle,draw_circle
Method,structural.bridge.DrawingAPI2.__init__,__init__
Class,structural.bridge.CircleShape,CircleShape
Method,structural.bridge.CircleShape.__init__,__init__
Method,structural.bridge.CircleShape.draw,draw
Method,structural.bridge.CircleShape.scale,scale
Function,structural.bridge.main,main
Function,C:\Users\wj86\Documents\gitrepo\python-workspace\python-patterns\structural\bridge.py,bridge.py
File,C:\Users\wj86\Documents\gitrepo\python-workspace\python-patterns\structural\composite.py,composite.py
Class,structural.composite.Graphic,Graphic
Method,structural.composite.Graphic.render,render
Method,structural.composite.Graphic.__init__,__init__
Class,structural.composite.CompositeGraphic,CompositeGraphic
Method,structural.composite.CompositeGraphic.__init__,__init__
Method,structural.composite.CompositeGraphic.render,render
Method,structural.composite.CompositeGraphic.add,add
Method,structural.composite.CompositeGraphic.remove,remove
Class,structural.composite.Ellipse,Ellipse
Method,structural.composite.Ellipse.__init__,__init__
Method,structural.composite.Ellipse.render,render
Function,C:\Users\wj86\Documents\gitrepo\python-workspace\python-patterns\structural\composite.py,composite.py
File,C:\Users\wj86\Documents\gitrepo\python-workspace\python-patterns\structural\decorator.py,decorator.py
Class,structural.decorator.TextTag,TextTag
Method,structural.decorator.TextTag.__init__,__init__
Method,structural.decorator.TextTag.render,render
Class,structural.decorator.BoldWrapper,BoldWrapper
Method,structural.decorator.BoldWrapper.__init__,__init__
Method,structural.decorator.BoldWrapper.render,render
Class,structural.decorator.ItalicWrapper,ItalicWrapper
Method,structural.decorator.ItalicWrapper.__init__,__init__
Method,structural.decorator.ItalicWrapper.render,render
Function,C:\Users\wj86\Documents\gitrepo\python-workspace\python-patterns\structural\decorator.py,decorator.py
File,C:\Users\wj86\Documents\gitrepo\python-workspace\python-patterns\structural\facade.py,facade.py
Class,structural.facade.TC1,TC1
Method,structural.facade.TC1.run,run
Method,structural.facade.TC1.__init__,__init__
Class,structural.facade.TC2,TC2
Method,structural.facade.TC2.run,run
Method,structural.facade.TC2.__init__,__init__
Class,structural.facade.TC3,TC3
Method,structural.facade.TC3.run,run
Method,structural.facade.TC3.__init__,__init__
Class,structural.facade.TestRunner,TestRunner
Method,structural.facade.TestRunner.__init__,__init__
Method,structural.facade.TestRunner.runAll,runAll
Function,C:\Users\wj86\Documents\gitrepo\python-workspace\python-patterns\structural\facade.py,facade.py
File,C:\Users\wj86\Documents\gitrepo\python-workspace\python-patterns\structural\flyweight.py,flyweight.py
Class,structural.flyweight.FlyweightMeta,FlyweightMeta
Method,structural.flyweight.FlyweightMeta.__new__,__new__
Method,structural.flyweight.FlyweightMeta._serialize_params,_serialize_params
Method,structural.flyweight.FlyweightMeta.__call__,__call__
Method,structural.flyweight.FlyweightMeta.__init__,__init__
Class,structural.flyweight.Card,Card
Method,structural.flyweight.Card.__new__,__new__
Method,structural.flyweight.Card.__repr__,__repr__
Method,structural.flyweight.Card.__init__,__init__
Function,structural.flyweight.with_metaclass,with_metaclass
Class,structural.flyweight.Card2,Card2
Method,structural.flyweight.Card2.__init__,__init__
Function,C:\Users\wj86\Documents\gitrepo\python-workspace\python-patterns\structural\flyweight.py,flyweight.py
File,C:\Users\wj86\Documents\gitrepo\python-workspace\python-patterns\structural\front_controller.py,front_controller.py
Class,structural.front_controller.MobileView,MobileView
Method,structural.front_controller.MobileView.show_index_page,show_index_page
Method,structural.front_controller.MobileView.__init__,__init__
Class,structural.front_controller.TabletView,TabletView
Method,structural.front_controller.TabletView.show_index_page,show_index_page
Method,structural.front_controller.TabletView.__init__,__init__
Class,structural.front_controller.Dispatcher,Dispatcher
Method,structural.front_controller.Dispatcher.__init__,__init__
Method,structural.front_controller.Dispatcher.dispatch,dispatch
Class,structural.front_controller.RequestController,RequestController
Method,structural.front_controller.RequestController.__init__,__init__
Method,structural.front_controller.RequestController.dispatch_request,dispatch_request
Class,structural.front_controller.Request,Request
Method,structural.front_controller.Request.__init__,__init__
Function,C:\Users\wj86\Documents\gitrepo\python-workspace\python-patterns\structural\front_controller.py,front_controller.py
File,C:\Users\wj86\Documents\gitrepo\python-workspace\python-patterns\structural\mvc.py,mvc.py
Class,structural.mvc.Model,Model
Method,structural.mvc.Model.__iter__,__iter__
Method,structural.mvc.Model.get,get
Method,structural.mvc.Model.item_type,item_type
Method,structural.mvc.Model.__init__,__init__
Class,structural.mvc.ProductModel,ProductModel
Class,structural.mvc.ProductModel.Price,Price
Method,structural.mvc.ProductModel.__iter__,__iter__
Method,structural.mvc.ProductModel.get,get
Method,structural.mvc.ProductModel.__init__,__init__
Class,structural.mvc.View,View
Method,structural.mvc.View.show_item_list,show_item_list
Method,structural.mvc.View.show_item_information,show_item_information
Method,structural.mvc.View.item_not_found,item_not_found
Method,structural.mvc.View.__init__,__init__
Class,structural.mvc.ConsoleView,ConsoleView
Method,structural.mvc.ConsoleView.show_item_list,show_item_list
Method,structural.mvc.ConsoleView.capitalizer,capitalizer
Method,structural.mvc.ConsoleView.show_item_information,show_item_information
Method,structural.mvc.ConsoleView.item_not_found,item_not_found
Method,structural.mvc.ConsoleView.__init__,__init__
Class,structural.mvc.Controller,Controller
Method,structural.mvc.Controller.__init__,__init__
Method,structural.mvc.Controller.show_items,show_items
Method,structural.mvc.Controller.show_item_information,show_item_information
Function,C:\Users\wj86\Documents\gitrepo\python-workspace\python-patterns\structural\mvc.py,mvc.py
File,C:\Users\wj86\Documents\gitrepo\python-workspace\python-patterns\structural\proxy.py,proxy.py
Class,structural.proxy.SalesManager,SalesManager
Method,structural.proxy.SalesManager.talk,talk
Method,structural.proxy.SalesManager.__init__,__init__
Class,structural.proxy.Proxy,Proxy
Method,structural.proxy.Proxy.__init__,__init__
Method,structural.proxy.Proxy.talk,talk
Class,structural.proxy.NoTalkProxy,NoTalkProxy
Method,structural.proxy.NoTalkProxy.talk,talk
Method,structural.proxy.NoTalkProxy.__init__,__init__
Function,C:\Users\wj86\Documents\gitrepo\python-workspace\python-patterns\structural\proxy.py,proxy.py
Package,structural,structural
File,C:\Users\wj86\Documents\gitrepo\python-workspace\python-patterns\structural\__init__.py,__init__.py
File,C:\Users\wj86\Documents\gitrepo\python-workspace\python-patterns\tests\test_abstract_factory.py,test_abstract_factory.py
Class,tests.test_abstract_factory.TestPetShop,TestPetShop
Method,tests.test_abstract_factory.TestPetShop.test_dog_pet_shop_shall_show_dog_instance,test_dog_pet_shop_shall_show_dog_instance
Method,tests.test_abstract_factory.TestPetShop.__init__,__init__
File,C:\Users\wj86\Documents\gitrepo\python-workspace\python-patterns\tests\test_adapter.py,test_adapter.py
Class,tests.test_adapter.ClassTest,ClassTest
Method,tests.test_adapter.ClassTest.setUp,setUp
Method,tests.test_adapter.ClassTest.test_dog_shall_bark,test_dog_shall_bark
Method,tests.test_adapter.ClassTest.test_cat_shall_meow,test_cat_shall_meow
Method,tests.test_adapter.ClassTest.test_human_shall_speak,test_human_shall_speak
Method,tests.test_adapter.ClassTest.test_car_shall_make_loud_noise,test_car_shall_make_loud_noise
Method,tests.test_adapter.ClassTest.test_car_shall_make_very_loud_noise,test_car_shall_make_very_loud_noise
Method,tests.test_adapter.ClassTest.__init__,__init__
Class,tests.test_adapter.AdapterTest,AdapterTest
Method,tests.test_adapter.AdapterTest.test_dog_adapter_shall_make_noise,test_dog_adapter_shall_make_noise
Method,tests.test_adapter.AdapterTest.test_cat_adapter_shall_make_noise,test_cat_adapter_shall_make_noise
Method,tests.test_adapter.AdapterTest.test_human_adapter_shall_make_noise,test_human_adapter_shall_make_noise
Method,tests.test_adapter.AdapterTest.test_car_adapter_shall_make_loud_noise,test_car_adapter_shall_make_loud_noise
Method,tests.test_adapter.AdapterTest.test_car_adapter_shall_make_very_loud_noise,test_car_adapter_shall_make_very_loud_noise
Method,tests.test_adapter.AdapterTest.__init__,__init__
File,C:\Users\wj86\Documents\gitrepo\python-workspace\python-patterns\tests\test_borg.py,test_borg.py
Class,tests.test_borg.BorgTest,BorgTest
Method,tests.test_borg.BorgTest.setUp,setUp
Method,tests.test_borg.BorgTest.test_initial_borg_state_shall_be_init,test_initial_borg_state_shall_be_init
Method,tests.test_borg.BorgTest.test_changing_instance_attribute_shall_change_borg_state,test_changing_instance_attribute_shall_change_borg_state
Method,tests.test_borg.BorgTest.test_instances_shall_have_own_ids,test_instances_shall_have_own_ids
Method,tests.test_borg.BorgTest.__init__,__init__
File,C:\Users\wj86\Documents\gitrepo\python-workspace\python-patterns\tests\test_bridge.py,test_bridge.py
Class,tests.test_bridge.BridgeTest,BridgeTest
Method,tests.test_bridge.BridgeTest.test_bridge_shall_draw_with_concrete_api_implementation,test_bridge_shall_draw_with_concrete_api_implementation
Method,tests.test_bridge.BridgeTest.test_bridge_shall_scale_both_api_circles_with_own_implementation,test_bridge_shall_scale_both_api_circles_with_own_implementation
Method,tests.test_bridge.BridgeTest.__init__,__init__
File,C:\Users\wj86\Documents\gitrepo\python-workspace\python-patterns\tests\test_builder.py,test_builder.py
Class,tests.test_builder.TestSimple,TestSimple
Method,tests.test_builder.TestSimple.test_house,test_house
Method,tests.test_builder.TestSimple.test_flat,test_flat
Method,tests.test_builder.TestSimple.__init__,__init__
Class,tests.test_builder.TestComplex,TestComplex
Method,tests.test_builder.TestComplex.test_house,test_house
Method,tests.test_builder.TestComplex.__init__,__init__
File,C:\Users\wj86\Documents\gitrepo\python-workspace\python-patterns\tests\test_command.py,test_command.py
Class,tests.test_command.CommandTest,CommandTest
Method,tests.test_command.CommandTest.__get_test_directory,__get_test_directory
Method,tests.test_command.CommandTest.setUpClass,setUpClass
Method,tests.test_command.CommandTest.test_sequential_execution,test_sequential_execution
Method,tests.test_command.CommandTest.test_sequential_undo,test_sequential_undo
Method,tests.test_command.CommandTest.tearDownClass,tearDownClass
Method,tests.test_command.CommandTest.__init__,__init__
File,C:\Users\wj86\Documents\gitrepo\python-workspace\python-patterns\tests\test_constructor_injection.py,test_constructor_injection.py
Class,tests.test_constructor_injection.ConstructorInjectionTest,ConstructorInjectionTest
Method,tests.test_constructor_injection.ConstructorInjectionTest.test_display_current_time_at_midnight,test_display_current_time_at_midnight
Method,tests.test_constructor_injection.ConstructorInjectionTest.test_display_current_time_at_current_time,test_display_current_time_at_current_time
Method,tests.test_constructor_injection.ConstructorInjectionTest.__init__,__init__
File,C:\Users\wj86\Documents\gitrepo\python-workspace\python-patterns\tests\test_decorator.py,test_decorator.py
Class,tests.test_decorator.TestTextWrapping,TestTextWrapping
Method,tests.test_decorator.TestTextWrapping.setUp,setUp
Method,tests.test_decorator.TestTextWrapping.test_italic,test_italic
Method,tests.test_decorator.TestTextWrapping.test_bold,test_bold
Method,tests.test_decorator.TestTextWrapping.test_mixed_bold_and_italic,test_mixed_bold_and_italic
Method,tests.test_decorator.TestTextWrapping.__init__,__init__
File,C:\Users\wj86\Documents\gitrepo\python-workspace\python-patterns\tests\test_facade.py,test_facade.py
Class,tests.test_facade.TestRunnerFacilities,TestRunnerFacilities
Method,tests.test_facade.TestRunnerFacilities.setUp,setUp
Method,tests.test_facade.TestRunnerFacilities.tearDown,tearDown
Method,tests.test_facade.TestRunnerFacilities.test_tc1_output,test_tc1_output
Method,tests.test_facade.TestRunnerFacilities.test_tc2_output,test_tc2_output
Method,tests.test_facade.TestRunnerFacilities.test_tc3_output,test_tc3_output
Method,tests.test_facade.TestRunnerFacilities.test_bunch_launch,test_bunch_launch
Method,tests.test_facade.TestRunnerFacilities.__init__,__init__
File,C:\Users\wj86\Documents\gitrepo\python-workspace\python-patterns\tests\test_factory_method.py,test_factory_method.py
Class,tests.test_factory_method.TestLocalizer,TestLocalizer
Method,tests.test_factory_method.TestLocalizer.setUp,setUp
Method,tests.test_factory_method.TestLocalizer.test_parrot_eng_localization,test_parrot_eng_localization
Method,tests.test_factory_method.TestLocalizer.test_parrot_greek_localization,test_parrot_greek_localization
Method,tests.test_factory_method.TestLocalizer.test_dog_eng_localization,test_dog_eng_localization
Method,tests.test_factory_method.TestLocalizer.test_dog_greek_localization,test_dog_greek_localization
Method,tests.test_factory_method.TestLocalizer.test_cat_eng_localization,test_cat_eng_localization
Method,tests.test_factory_method.TestLocalizer.test_cat_greek_localization,test_cat_greek_localization
Method,tests.test_factory_method.TestLocalizer.test_bear_eng_localization,test_bear_eng_localization
Method,tests.test_factory_method.TestLocalizer.test_bear_greek_localization,test_bear_greek_localization
Method,tests.test_factory_method.TestLocalizer.__init__,__init__
File,C:\Users\wj86\Documents\gitrepo\python-workspace\python-patterns\tests\test_flyweight.py,test_flyweight.py
Class,tests.test_flyweight.TestCard,TestCard
Method,tests.test_flyweight.TestCard.test_instances_shall_reference_same_object,test_instances_shall_reference_same_object
Method,tests.test_flyweight.TestCard.test_instances_with_different_suit,test_instances_with_different_suit
Method,tests.test_flyweight.TestCard.test_instances_with_different_values,test_instances_with_different_values
Method,tests.test_flyweight.TestCard.test_instances_shall_share_additional_attributes,test_instances_shall_share_additional_attributes
Method,tests.test_flyweight.TestCard.__init__,__init__
File,C:\Users\wj86\Documents\gitrepo\python-workspace\python-patterns\tests\test_hsm.py,test_hsm.py
Class,tests.test_hsm.HsmMethodTest,HsmMethodTest
Method,tests.test_hsm.HsmMethodTest.setUpClass,setUpClass
Method,tests.test_hsm.HsmMethodTest.test_initial_state_shall_be_standby,test_initial_state_shall_be_standby
Method,tests.test_hsm.HsmMethodTest.test_unsupported_state_shall_raise_exception,test_unsupported_state_shall_raise_exception
Method,tests.test_hsm.HsmMethodTest.test_unsupported_message_type_shall_raise_exception,test_unsupported_message_type_shall_raise_exception
Method,tests.test_hsm.HsmMethodTest.test_calling_next_state_shall_change_current_state,test_calling_next_state_shall_change_current_state
Method,tests.test_hsm.HsmMethodTest.test_method_perform_switchover_shall_return_specifically,test_method_perform_switchover_shall_return_specifically
Method,tests.test_hsm.HsmMethodTest.__init__,__init__
Class,tests.test_hsm.StandbyStateTest,StandbyStateTest
Method,tests.test_hsm.StandbyStateTest.setUpClass,setUpClass
Method,tests.test_hsm.StandbyStateTest.setUp,setUp
Method,tests.test_hsm.StandbyStateTest.test_given_standby_on_message_switchover_shall_set_active,test_given_standby_on_message_switchover_shall_set_active
Method,tests.test_hsm.StandbyStateTest.test_given_standby_on_message_switchover_shall_call_hsm_methods,test_given_standby_on_message_switchover_shall_call_hsm_methods
Method,tests.test_hsm.StandbyStateTest.test_given_standby_on_message_fault_trigger_shall_set_suspect,test_given_standby_on_message_fault_trigger_shall_set_suspect
Method,tests.test_hsm.StandbyStateTest.test_given_standby_on_message_diagnostics_failed_shall_raise_exception_and_keep_in_state,test_given_standby_on_message_diagnostics_failed_shall_raise_exception_and_keep_in_state
Method,tests.test_hsm.StandbyStateTest.test_given_standby_on_message_diagnostics_passed_shall_raise_exception_and_keep_in_state,test_given_standby_on_message_diagnostics_passed_shall_raise_exception_and_keep_in_state
Method,tests.test_hsm.StandbyStateTest.test_given_standby_on_message_operator_inservice_shall_raise_exception_and_keep_in_state,test_given_standby_on_message_operator_inservice_shall_raise_exception_and_keep_in_state
Method,tests.test_hsm.StandbyStateTest.__init__,__init__
File,C:\Users\wj86\Documents\gitrepo\python-workspace\python-patterns\tests\test_lazy.py,test_lazy.py
Class,tests.test_lazy.TestDynamicExpanding,TestDynamicExpanding
Method,tests.test_lazy.TestDynamicExpanding.setUp,setUp
Method,tests.test_lazy.TestDynamicExpanding.test_innate_properties,test_innate_properties
Method,tests.test_lazy.TestDynamicExpanding.test_relatives_not_in_properties,test_relatives_not_in_properties
Method,tests.test_lazy.TestDynamicExpanding.test_extended_properties,test_extended_properties
Method,tests.test_lazy.TestDynamicExpanding.test_relatives_after_access,test_relatives_after_access
Method,tests.test_lazy.TestDynamicExpanding.test_parents,test_parents
Method,tests.test_lazy.TestDynamicExpanding.__init__,__init__
File,C:\Users\wj86\Documents\gitrepo\python-workspace\python-patterns\tests\test_observer.py,test_observer.py
Class,tests.test_observer.TestSubject,TestSubject
Method,tests.test_observer.TestSubject.setUpClass,setUpClass
Method,tests.test_observer.TestSubject.test_a_observer_list_shall_be_empty_initially,test_a_observer_list_shall_be_empty_initially
Method,tests.test_observer.TestSubject.test_b_observers_shall_be_attachable,test_b_observers_shall_be_attachable
Method,tests.test_observer.TestSubject.test_c_observers_shall_be_detachable,test_c_observers_shall_be_detachable
Method,tests.test_observer.TestSubject.__init__,__init__
Class,tests.test_observer.TestData,TestData
Method,tests.test_observer.TestData.setUpClass,setUpClass
Method,tests.test_observer.TestData.test_data_change_shall_notify_all_observers_once,test_data_change_shall_notify_all_observers_once
Method,tests.test_observer.TestData.test_data_value_shall_be_changeable,test_data_value_shall_be_changeable
Method,tests.test_observer.TestData.test_data_name_shall_be_changeable,test_data_name_shall_be_changeable
Method,tests.test_observer.TestData.__init__,__init__
File,C:\Users\wj86\Documents\gitrepo\python-workspace\python-patterns\tests\test_parameter_injection.py,test_parameter_injection.py
Class,tests.test_parameter_injection.ParameterInjectionTest,ParameterInjectionTest
Method,tests.test_parameter_injection.ParameterInjectionTest.test_display_current_time_at_midnight,test_display_current_time_at_midnight
Method,tests.test_parameter_injection.ParameterInjectionTest.test_display_current_time_at_current_time,test_display_current_time_at_current_time
Method,tests.test_parameter_injection.ParameterInjectionTest.__init__,__init__
File,C:\Users\wj86\Documents\gitrepo\python-workspace\python-patterns\tests\test_pool.py,test_pool.py
Class,tests.test_pool.TestPool,TestPool
Method,tests.test_pool.TestPool.setUp,setUp
Method,tests.test_pool.TestPool.test_items_recoil,test_items_recoil
Method,tests.test_pool.TestPool.test_frozen_pool,test_frozen_pool
Method,tests.test_pool.TestPool.__init__,__init__
Class,tests.test_pool.TestNaitivePool,TestNaitivePool
Method,tests.test_pool.TestNaitivePool.test_pool_behavior_with_single_object_inside,test_pool_behavior_with_single_object_inside
Method,tests.test_pool.TestNaitivePool.__init__,__init__
File,C:\Users\wj86\Documents\gitrepo\python-workspace\python-patterns\tests\test_prototype.py,test_prototype.py
Class,tests.test_prototype.TestPrototypeFeatures,TestPrototypeFeatures
Method,tests.test_prototype.TestPrototypeFeatures.setUp,setUp
Method,tests.test_prototype.TestPrototypeFeatures.test_cloning_propperty_innate_values,test_cloning_propperty_innate_values
Method,tests.test_prototype.TestPrototypeFeatures.test_extended_property_values_cloning,test_extended_property_values_cloning
Method,tests.test_prototype.TestPrototypeFeatures.test_cloning_propperty_assigned_values,test_cloning_propperty_assigned_values
Method,tests.test_prototype.TestPrototypeFeatures.__init__,__init__
Class,tests.test_prototype.TestDispatcherFeatures,TestDispatcherFeatures
Method,tests.test_prototype.TestDispatcherFeatures.setUp,setUp
Method,tests.test_prototype.TestDispatcherFeatures.test_batch_retrieving,test_batch_retrieving
Method,tests.test_prototype.TestDispatcherFeatures.test_particular_properties_retrieving,test_particular_properties_retrieving
Method,tests.test_prototype.TestDispatcherFeatures.test_extended_properties_retrieving,test_extended_properties_retrieving
Method,tests.test_prototype.TestDispatcherFeatures.__init__,__init__
File,C:\Users\wj86\Documents\gitrepo\python-workspace\python-patterns\tests\test_proxy.py,test_proxy.py
Class,tests.test_proxy.ProxyTest,ProxyTest
Method,tests.test_proxy.ProxyTest.setUpClass,setUpClass
Method,tests.test_proxy.ProxyTest.setUp,setUp
Method,tests.test_proxy.ProxyTest.tearDown,tearDown
Method,tests.test_proxy.ProxyTest.test_sales_manager_shall_talk_through_proxy_with_delay,test_sales_manager_shall_talk_through_proxy_with_delay
Method,tests.test_proxy.ProxyTest.test_sales_manager_shall_respond_through_proxy_with_delay,test_sales_manager_shall_respond_through_proxy_with_delay
Method,tests.test_proxy.ProxyTest.__init__,__init__
Class,tests.test_proxy.NoTalkProxyTest,NoTalkProxyTest
Method,tests.test_proxy.NoTalkProxyTest.setUpClass,setUpClass
Method,tests.test_proxy.NoTalkProxyTest.setUp,setUp
Method,tests.test_proxy.NoTalkProxyTest.tearDown,tearDown
Method,tests.test_proxy.NoTalkProxyTest.test_sales_manager_shall_not_talk_through_proxy_with_delay,test_sales_manager_shall_not_talk_through_proxy_with_delay
Method,tests.test_proxy.NoTalkProxyTest.test_sales_manager_shall_not_respond_through_proxy_with_delay,test_sales_manager_shall_not_respond_through_proxy_with_delay
Method,tests.test_proxy.NoTalkProxyTest.__init__,__init__
File,C:\Users\wj86\Documents\gitrepo\python-workspace\python-patterns\tests\test_publish_subscribe.py,test_publish_subscribe.py
Class,tests.test_publish_subscribe.TestProvider,TestProvider
Method,tests.test_publish_subscribe.TestProvider.test_subscriber_shall_be_attachable_to_subscriptions,test_subscriber_shall_be_attachable_to_subscriptions
Method,tests.test_publish_subscribe.TestProvider.test_subscriber_shall_be_detachable_from_subscriptions,test_subscriber_shall_be_detachable_from_subscriptions
Method,tests.test_publish_subscribe.TestProvider.test_publisher_shall_append_subscription_message_to_queue,test_publisher_shall_append_subscription_message_to_queue
Method,tests.test_publish_subscribe.TestProvider.test_provider_shall_update_affected_subscribers_with_published_subscription,test_provider_shall_update_affected_subscribers_with_published_subscription
Method,tests.test_publish_subscribe.TestProvider.__init__,__init__
File,C:\Users\wj86\Documents\gitrepo\python-workspace\python-patterns\tests\test_setter_injection.py,test_setter_injection.py
Class,tests.test_setter_injection.ParameterInjectionTest,ParameterInjectionTest
Method,tests.test_setter_injection.ParameterInjectionTest.test_display_current_time_at_midnight,test_display_current_time_at_midnight
Method,tests.test_setter_injection.ParameterInjectionTest.test_display_current_time_at_current_time,test_display_current_time_at_current_time
Method,tests.test_setter_injection.ParameterInjectionTest.__init__,__init__
File,C:\Users\wj86\Documents\gitrepo\python-workspace\python-patterns\tests\test_state.py,test_state.py
Class,tests.test_state.RadioTest,RadioTest
Method,tests.test_state.RadioTest.setUpClass,setUpClass
Method,tests.test_state.RadioTest.test_initial_state,test_initial_state
Method,tests.test_state.RadioTest.test_initial_am_station,test_initial_am_station
Method,tests.test_state.RadioTest.test_2nd_am_station_after_scan,test_2nd_am_station_after_scan
Method,tests.test_state.RadioTest.test_3rd_am_station_after_scan,test_3rd_am_station_after_scan
Method,tests.test_state.RadioTest.test_am_station_overflow_after_scan,test_am_station_overflow_after_scan
Method,tests.test_state.RadioTest.test_shall_toggle_from_am_to_fm,test_shall_toggle_from_am_to_fm
Method,tests.test_state.RadioTest.test_shall_toggle_from_fm_to_am,test_shall_toggle_from_fm_to_am
Method,tests.test_state.RadioTest.__init__,__init__
File,C:\Users\wj86\Documents\gitrepo\python-workspace\python-patterns\tests\test_strategy.py,test_strategy.py
Class,tests.test_strategy.StrategyTest,StrategyTest
Method,tests.test_strategy.StrategyTest.test_print_output,test_print_output
Method,tests.test_strategy.StrategyTest.__init__,__init__
Package,tests,tests
File,C:\Users\wj86\Documents\gitrepo\python-workspace\python-patterns\tests\__init__.py,__init__.py
