File,C:\Users\wj86\Documents\gitrepo\python-workspace\python-fire\examples\cipher\cipher.py,cipher.py
Function,examples.cipher.cipher.caesar_encode,caesar_encode
Function,examples.cipher.cipher.caesar_decode,caesar_decode
Function,examples.cipher.cipher.rot13,rot13
Function,examples.cipher.cipher._caesar_shift_char,_caesar_shift_char
Function,examples.cipher.cipher.main,main
Function,C:\Users\wj86\Documents\gitrepo\python-workspace\python-fire\examples\cipher\cipher.py,cipher.py
File,C:\Users\wj86\Documents\gitrepo\python-workspace\python-fire\examples\cipher\cipher_test.py,cipher_test.py
Class,examples.cipher.cipher_test.CipherTest,CipherTest
Method,examples.cipher.cipher_test.CipherTest.testCipher,testCipher
Method,examples.cipher.cipher_test.CipherTest.__init__,__init__
Function,C:\Users\wj86\Documents\gitrepo\python-workspace\python-fire\examples\cipher\cipher_test.py,cipher_test.py
Package,examples.cipher,cipher
File,C:\Users\wj86\Documents\gitrepo\python-workspace\python-fire\examples\cipher\__init__.py,__init__.py
File,C:\Users\wj86\Documents\gitrepo\python-workspace\python-fire\examples\diff\diff.py,diff.py
Class,examples.diff.diff.DiffLibWrapper,DiffLibWrapper
Method,examples.diff.diff.DiffLibWrapper.__init__,__init__
Method,examples.diff.diff.DiffLibWrapper.unified_diff,unified_diff
Method,examples.diff.diff.DiffLibWrapper.ndiff,ndiff
Method,examples.diff.diff.DiffLibWrapper.make_file,make_file
Method,examples.diff.diff.DiffLibWrapper.context_diff,context_diff
Function,examples.diff.diff.main,main
Function,C:\Users\wj86\Documents\gitrepo\python-workspace\python-fire\examples\diff\diff.py,diff.py
File,C:\Users\wj86\Documents\gitrepo\python-workspace\python-fire\examples\diff\difffull.py,difffull.py
Function,examples.diff.difffull.main,main
Function,C:\Users\wj86\Documents\gitrepo\python-workspace\python-fire\examples\diff\difffull.py,difffull.py
File,C:\Users\wj86\Documents\gitrepo\python-workspace\python-fire\examples\diff\diff_test.py,diff_test.py
Class,examples.diff.diff_test.DiffTest,DiffTest
Method,examples.diff.diff_test.DiffTest.setUp,setUp
Method,examples.diff.diff_test.DiffTest.testSetUp,testSetUp
Method,examples.diff.diff_test.DiffTest.testUnifiedDiff,testUnifiedDiff
Method,examples.diff.diff_test.DiffTest.testContextDiff,testContextDiff
Method,examples.diff.diff_test.DiffTest.testNDiff,testNDiff
Method,examples.diff.diff_test.DiffTest.testMakeDiff,testMakeDiff
Method,examples.diff.diff_test.DiffTest.testDiffFull,testDiffFull
Method,examples.diff.diff_test.DiffTest.__init__,__init__
Function,C:\Users\wj86\Documents\gitrepo\python-workspace\python-fire\examples\diff\diff_test.py,diff_test.py
Package,examples.diff,diff
File,C:\Users\wj86\Documents\gitrepo\python-workspace\python-fire\examples\diff\__init__.py,__init__.py
File,C:\Users\wj86\Documents\gitrepo\python-workspace\python-fire\examples\identity\identity.py,identity.py
Function,examples.identity.identity.identity,identity
Function,examples.identity.identity.main,main
Function,C:\Users\wj86\Documents\gitrepo\python-workspace\python-fire\examples\identity\identity.py,identity.py
Package,examples.identity,identity
File,C:\Users\wj86\Documents\gitrepo\python-workspace\python-fire\examples\identity\__init__.py,__init__.py
File,C:\Users\wj86\Documents\gitrepo\python-workspace\python-fire\examples\widget\collector.py,collector.py
Class,examples.widget.collector.Collector,Collector
Method,examples.widget.collector.Collector.__init__,__init__
Method,examples.widget.collector.Collector.collect_widgets,collect_widgets
Function,examples.widget.collector.main,main
Function,C:\Users\wj86\Documents\gitrepo\python-workspace\python-fire\examples\widget\collector.py,collector.py
File,C:\Users\wj86\Documents\gitrepo\python-workspace\python-fire\examples\widget\collector_test.py,collector_test.py
Class,examples.widget.collector_test.CollectorTest,CollectorTest
Method,examples.widget.collector_test.CollectorTest.testCollectorHasWidget,testCollectorHasWidget
Method,examples.widget.collector_test.CollectorTest.testCollectorWantsMoreWidgets,testCollectorWantsMoreWidgets
Method,examples.widget.collector_test.CollectorTest.testCollectorGetsWantedWidgets,testCollectorGetsWantedWidgets
Method,examples.widget.collector_test.CollectorTest.__init__,__init__
Function,C:\Users\wj86\Documents\gitrepo\python-workspace\python-fire\examples\widget\collector_test.py,collector_test.py
File,C:\Users\wj86\Documents\gitrepo\python-workspace\python-fire\examples\widget\widget.py,widget.py
Class,examples.widget.widget.Widget,Widget
Method,examples.widget.widget.Widget.whack,whack
Method,examples.widget.widget.Widget.bang,bang
Method,examples.widget.widget.Widget.__init__,__init__
Function,examples.widget.widget.main,main
Function,C:\Users\wj86\Documents\gitrepo\python-workspace\python-fire\examples\widget\widget.py,widget.py
File,C:\Users\wj86\Documents\gitrepo\python-workspace\python-fire\examples\widget\widget_test.py,widget_test.py
Class,examples.widget.widget_test.WidgetTest,WidgetTest
Method,examples.widget.widget_test.WidgetTest.testWidgetWhack,testWidgetWhack
Method,examples.widget.widget_test.WidgetTest.testWidgetBang,testWidgetBang
Method,examples.widget.widget_test.WidgetTest.__init__,__init__
Function,C:\Users\wj86\Documents\gitrepo\python-workspace\python-fire\examples\widget\widget_test.py,widget_test.py
Package,examples.widget,widget
File,C:\Users\wj86\Documents\gitrepo\python-workspace\python-fire\examples\widget\__init__.py,__init__.py
Package,examples,examples
File,C:\Users\wj86\Documents\gitrepo\python-workspace\python-fire\examples\__init__.py,__init__.py
File,C:\Users\wj86\Documents\gitrepo\python-workspace\python-fire\fire\completion.py,completion.py
Function,fire.completion.Script,Script
Function,fire.completion._BashScript,_BashScript
Function,fire.completion._FishScript,_FishScript
Function,fire.completion._IncludeMember,_IncludeMember
Function,fire.completion._Members,_Members
Function,fire.completion._CompletionsFromArgs,_CompletionsFromArgs
Function,fire.completion.Completions,Completions
Function,fire.completion._FormatForCommand,_FormatForCommand
Function,fire.completion._Commands,_Commands
File,C:\Users\wj86\Documents\gitrepo\python-workspace\python-fire\fire\completion_test.py,completion_test.py
Class,fire.completion_test.TabCompletionTest,TabCompletionTest
Method,fire.completion_test.TabCompletionTest.testCompletionBashScript,testCompletionBashScript
Method,fire.completion_test.TabCompletionTest.testCompletionFishScript,testCompletionFishScript
Method,fire.completion_test.TabCompletionTest.testFnCompletions,testFnCompletions
Function,fire.completion_test.TabCompletionTest.testFnCompletions.example,example
Method,fire.completion_test.TabCompletionTest.testListCompletions,testListCompletions
Method,fire.completion_test.TabCompletionTest.testDictCompletions,testDictCompletions
Method,fire.completion_test.TabCompletionTest.testDictCompletionsVerbose,testDictCompletionsVerbose
Method,fire.completion_test.TabCompletionTest.testDeepDictCompletions,testDeepDictCompletions
Method,fire.completion_test.TabCompletionTest.testDeepDictScript,testDeepDictScript
Method,fire.completion_test.TabCompletionTest.testFnScript,testFnScript
Method,fire.completion_test.TabCompletionTest.testClassScript,testClassScript
Method,fire.completion_test.TabCompletionTest.testDeepDictFishScript,testDeepDictFishScript
Method,fire.completion_test.TabCompletionTest.testFnFishScript,testFnFishScript
Method,fire.completion_test.TabCompletionTest.testClassFishScript,testClassFishScript
Method,fire.completion_test.TabCompletionTest.testNonStringDictCompletions,testNonStringDictCompletions
Method,fire.completion_test.TabCompletionTest.testGeneratorCompletions,testGeneratorCompletions
Function,fire.completion_test.TabCompletionTest.testGeneratorCompletions.generator,generator
Method,fire.completion_test.TabCompletionTest.testClassCompletions,testClassCompletions
Method,fire.completion_test.TabCompletionTest.testObjectCompletions,testObjectCompletions
Method,fire.completion_test.TabCompletionTest.testMethodCompletions,testMethodCompletions
Method,fire.completion_test.TabCompletionTest.__init__,__init__
Function,C:\Users\wj86\Documents\gitrepo\python-workspace\python-fire\fire\completion_test.py,completion_test.py
File,C:\Users\wj86\Documents\gitrepo\python-workspace\python-fire\fire\core.py,core.py
Function,fire.core.Fire,Fire
Function,fire.core.CompletionScript,CompletionScript
Class,fire.core.FireError,FireError
Method,fire.core.FireError.__init__,__init__
Class,fire.core.FireExit,FireExit
Method,fire.core.FireExit.__init__,__init__
Function,fire.core._IsHelpShortcut,_IsHelpShortcut
Function,fire.core._PrintResult,_PrintResult
Function,fire.core._DictAsString,_DictAsString
Function,fire.core._ComponentVisible,_ComponentVisible
Function,fire.core._OneLineResult,_OneLineResult
Function,fire.core._Fire,_Fire
Function,fire.core._GetMember,_GetMember
Function,fire.core._CallAndUpdateTrace,_CallAndUpdateTrace
Function,fire.core._CallCallable,_CallCallable
Function,fire.core._MakeParseFn,_MakeParseFn
Function,fire.core._MakeParseFn._ParseFn,_ParseFn
Function,fire.core._ParseArgs,_ParseArgs
Function,fire.core._ParseKeywordArgs,_ParseKeywordArgs
Function,fire.core._ParseValue,_ParseValue
File,C:\Users\wj86\Documents\gitrepo\python-workspace\python-fire\fire\core_test.py,core_test.py
Class,fire.core_test.CoreTest,CoreTest
Method,fire.core_test.CoreTest.testOneLineResult,testOneLineResult
Method,fire.core_test.CoreTest.testOneLineResultCircularRef,testOneLineResultCircularRef
Method,fire.core_test.CoreTest.testInteractiveMode,testInteractiveMode
Method,fire.core_test.CoreTest.testInteractiveModeFullArgument,testInteractiveModeFullArgument
Method,fire.core_test.CoreTest.testInteractiveModeVariables,testInteractiveModeVariables
Method,fire.core_test.CoreTest.testInteractiveModeVariablesWithName,testInteractiveModeVariablesWithName
Method,fire.core_test.CoreTest.testHelpWithClass,testHelpWithClass
Method,fire.core_test.CoreTest.testHelpWithMember,testHelpWithMember
Method,fire.core_test.CoreTest.testHelpOnErrorInConstructor,testHelpOnErrorInConstructor
Method,fire.core_test.CoreTest.testHelpWithNamespaceCollision,testHelpWithNamespaceCollision
Method,fire.core_test.CoreTest.testInvalidParameterRaisesFireExit,testInvalidParameterRaisesFireExit
Method,fire.core_test.CoreTest.testErrorRaising,testErrorRaising
Method,fire.core_test.CoreTest.testFireError,testFireError
Method,fire.core_test.CoreTest.testFireErrorMultipleValues,testFireErrorMultipleValues
Method,fire.core_test.CoreTest.testPrintEmptyDict,testPrintEmptyDict
Method,fire.core_test.CoreTest.testPrintOrderedDict,testPrintOrderedDict
Method,fire.core_test.CoreTest.testCallable,testCallable
Method,fire.core_test.CoreTest.__init__,__init__
Function,C:\Users\wj86\Documents\gitrepo\python-workspace\python-fire\fire\core_test.py,core_test.py
File,C:\Users\wj86\Documents\gitrepo\python-workspace\python-fire\fire\decorators.py,decorators.py
Function,fire.decorators.SetParseFn,SetParseFn
Function,fire.decorators.SetParseFn._Decorator,_Decorator
Function,fire.decorators.SetParseFns,SetParseFns
Function,fire.decorators.SetParseFns._Decorator,_Decorator
Function,fire.decorators._SetMetadata,_SetMetadata
Function,fire.decorators.GetMetadata,GetMetadata
Function,fire.decorators.GetParseFns,GetParseFns
File,C:\Users\wj86\Documents\gitrepo\python-workspace\python-fire\fire\decorators_test.py,decorators_test.py
Class,fire.decorators_test.NoDefaults,NoDefaults
Method,fire.decorators_test.NoDefaults.double,double
Method,fire.decorators_test.NoDefaults.triple,triple
Method,fire.decorators_test.NoDefaults.quadruple,quadruple
Method,fire.decorators_test.NoDefaults.__init__,__init__
Function,fire.decorators_test.double,double
Class,fire.decorators_test.WithDefaults,WithDefaults
Method,fire.decorators_test.WithDefaults.example1,example1
Method,fire.decorators_test.WithDefaults.example2,example2
Method,fire.decorators_test.WithDefaults.__init__,__init__
Class,fire.decorators_test.MixedArguments,MixedArguments
Method,fire.decorators_test.MixedArguments.example3,example3
Method,fire.decorators_test.MixedArguments.__init__,__init__
Class,fire.decorators_test.PartialParseFn,PartialParseFn
Method,fire.decorators_test.PartialParseFn.example4,example4
Method,fire.decorators_test.PartialParseFn.example5,example5
Method,fire.decorators_test.PartialParseFn.__init__,__init__
Class,fire.decorators_test.WithKwargs,WithKwargs
Method,fire.decorators_test.WithKwargs.example6,example6
Method,fire.decorators_test.WithKwargs.__init__,__init__
Class,fire.decorators_test.WithVarArgs,WithVarArgs
Method,fire.decorators_test.WithVarArgs.example7,example7
Method,fire.decorators_test.WithVarArgs.__init__,__init__
Class,fire.decorators_test.FireDecoratorsTest,FireDecoratorsTest
Method,fire.decorators_test.FireDecoratorsTest.testSetParseFnsNamedArgs,testSetParseFnsNamedArgs
Method,fire.decorators_test.FireDecoratorsTest.testSetParseFnsPositionalArgs,testSetParseFnsPositionalArgs
Method,fire.decorators_test.FireDecoratorsTest.testSetParseFnsFnWithPositionalArgs,testSetParseFnsFnWithPositionalArgs
Method,fire.decorators_test.FireDecoratorsTest.testSetParseFnsDefaultsFromPython,testSetParseFnsDefaultsFromPython
Method,fire.decorators_test.FireDecoratorsTest.testSetParseFnsDefaultsFromFire,testSetParseFnsDefaultsFromFire
Method,fire.decorators_test.FireDecoratorsTest.testSetParseFnsNamedDefaultsFromPython,testSetParseFnsNamedDefaultsFromPython
Method,fire.decorators_test.FireDecoratorsTest.testSetParseFnsNamedDefaultsFromFire,testSetParseFnsNamedDefaultsFromFire
Method,fire.decorators_test.FireDecoratorsTest.testSetParseFnsPositionalAndNamed,testSetParseFnsPositionalAndNamed
Method,fire.decorators_test.FireDecoratorsTest.testSetParseFnsOnlySomeTypes,testSetParseFnsOnlySomeTypes
Method,fire.decorators_test.FireDecoratorsTest.testSetParseFnsForKeywordArgs,testSetParseFnsForKeywordArgs
Method,fire.decorators_test.FireDecoratorsTest.testSetParseFn,testSetParseFn
Method,fire.decorators_test.FireDecoratorsTest.__init__,__init__
Function,C:\Users\wj86\Documents\gitrepo\python-workspace\python-fire\fire\decorators_test.py,decorators_test.py
File,C:\Users\wj86\Documents\gitrepo\python-workspace\python-fire\fire\fire_import_test.py,fire_import_test.py
Class,fire.fire_import_test.FireImportTest,FireImportTest
Method,fire.fire_import_test.FireImportTest.testFire,testFire
Method,fire.fire_import_test.FireImportTest.testFireMethods,testFireMethods
Method,fire.fire_import_test.FireImportTest.testNoPrivateMethods,testNoPrivateMethods
Method,fire.fire_import_test.FireImportTest.__init__,__init__
Function,C:\Users\wj86\Documents\gitrepo\python-workspace\python-fire\fire\fire_import_test.py,fire_import_test.py
File,C:\Users\wj86\Documents\gitrepo\python-workspace\python-fire\fire\fire_test.py,fire_test.py
Class,fire.fire_test.FireTest,FireTest
Method,fire.fire_test.FireTest.testFire,testFire
Method,fire.fire_test.FireTest.testFirePositionalCommand,testFirePositionalCommand
Method,fire.fire_test.FireTest.testFireInvalidCommandArg,testFireInvalidCommandArg
Method,fire.fire_test.FireTest.testFireDefaultName,testFireDefaultName
Method,fire.fire_test.FireTest.testFireNoArgs,testFireNoArgs
Method,fire.fire_test.FireTest.testFireExceptions,testFireExceptions
Method,fire.fire_test.FireTest.testFireNamedArgs,testFireNamedArgs
Method,fire.fire_test.FireTest.testFireNamedArgsWithEquals,testFireNamedArgsWithEquals
Method,fire.fire_test.FireTest.testFireAllNamedArgs,testFireAllNamedArgs
Method,fire.fire_test.FireTest.testFireAllNamedArgsOneMissing,testFireAllNamedArgsOneMissing
Method,fire.fire_test.FireTest.testFirePartialNamedArgs,testFirePartialNamedArgs
Method,fire.fire_test.FireTest.testFirePartialNamedArgsOneMissing,testFirePartialNamedArgsOneMissing
Method,fire.fire_test.FireTest.testFireAnnotatedArgs,testFireAnnotatedArgs
Method,fire.fire_test.FireTest.testFireKeywordOnlyArgs,testFireKeywordOnlyArgs
Method,fire.fire_test.FireTest.testFireProperties,testFireProperties
Method,fire.fire_test.FireTest.testFireRecursion,testFireRecursion
Method,fire.fire_test.FireTest.testFireVarArgs,testFireVarArgs
Method,fire.fire_test.FireTest.testFireVarArgsWithNamedArgs,testFireVarArgsWithNamedArgs
Method,fire.fire_test.FireTest.testFireKeywordArgs,testFireKeywordArgs
Method,fire.fire_test.FireTest.testFireKeywordArgsWithMissingPositionalArgs,testFireKeywordArgsWithMissingPositionalArgs
Method,fire.fire_test.FireTest.testFireObject,testFireObject
Method,fire.fire_test.FireTest.testFireDict,testFireDict
Method,fire.fire_test.FireTest.testFireObjectWithDict,testFireObjectWithDict
Method,fire.fire_test.FireTest.testFireList,testFireList
Method,fire.fire_test.FireTest.testFireObjectWithList,testFireObjectWithList
Method,fire.fire_test.FireTest.testFireObjectWithTuple,testFireObjectWithTuple
Method,fire.fire_test.FireTest.testFireNoComponent,testFireNoComponent
Method,fire.fire_test.FireTest.testFireUnderscores,testFireUnderscores
Method,fire.fire_test.FireTest.testFireUnderscoresInArg,testFireUnderscoresInArg
Method,fire.fire_test.FireTest.testBoolParsing,testBoolParsing
Method,fire.fire_test.FireTest.testBoolParsingContinued,testBoolParsingContinued
Method,fire.fire_test.FireTest.testBoolParsingLessExpectedCases,testBoolParsingLessExpectedCases
Method,fire.fire_test.FireTest.testBoolParsingWithNo,testBoolParsingWithNo
Function,fire.fire_test.FireTest.testBoolParsingWithNo.fn1,fn1
Function,fire.fire_test.FireTest.testBoolParsingWithNo.fn2,fn2
Function,fire.fire_test.FireTest.testBoolParsingWithNo.fn3,fn3
Method,fire.fire_test.FireTest.testTraceFlag,testTraceFlag
Method,fire.fire_test.FireTest.testHelpFlag,testHelpFlag
Method,fire.fire_test.FireTest.testHelpFlagAndTraceFlag,testHelpFlagAndTraceFlag
Method,fire.fire_test.FireTest.testTabCompletionNoName,testTabCompletionNoName
Method,fire.fire_test.FireTest.testTabCompletion,testTabCompletion
Method,fire.fire_test.FireTest.testTabCompletionWithDict,testTabCompletionWithDict
Method,fire.fire_test.FireTest.testBasicSeparator,testBasicSeparator
Method,fire.fire_test.FireTest.testNonComparable,testNonComparable
Method,fire.fire_test.FireTest.testExtraSeparators,testExtraSeparators
Method,fire.fire_test.FireTest.testSeparatorForChaining,testSeparatorForChaining
Method,fire.fire_test.FireTest.testFloatForExpectedInt,testFloatForExpectedInt
Method,fire.fire_test.FireTest.testClassInstantiation,testClassInstantiation
Method,fire.fire_test.FireTest.testTraceErrors,testTraceErrors
Method,fire.fire_test.FireTest.__init__,__init__
Function,C:\Users\wj86\Documents\gitrepo\python-workspace\python-fire\fire\fire_test.py,fire_test.py
File,C:\Users\wj86\Documents\gitrepo\python-workspace\python-fire\fire\helputils.py,helputils.py
Function,fire.helputils._NormalizeField,_NormalizeField
Function,fire.helputils._DisplayValue,_DisplayValue
Function,fire.helputils.HelpString,HelpString
Function,fire.helputils._UsageStringFromFullArgSpec,_UsageStringFromFullArgSpec
Function,fire.helputils.UsageString,UsageString
File,C:\Users\wj86\Documents\gitrepo\python-workspace\python-fire\fire\helputils_test.py,helputils_test.py
Class,fire.helputils_test.HelpUtilsTest,HelpUtilsTest
Method,fire.helputils_test.HelpUtilsTest.testHelpStringClass,testHelpStringClass
Method,fire.helputils_test.HelpUtilsTest.testHelpStringObject,testHelpStringObject
Method,fire.helputils_test.HelpUtilsTest.testHelpStringFunction,testHelpStringFunction
Method,fire.helputils_test.HelpUtilsTest.testHelpStringFunctionWithDefaults,testHelpStringFunctionWithDefaults
Method,fire.helputils_test.HelpUtilsTest.testHelpStringBuiltin,testHelpStringBuiltin
Method,fire.helputils_test.HelpUtilsTest.testHelpStringIntType,testHelpStringIntType
Method,fire.helputils_test.HelpUtilsTest.testHelpStringEmptyList,testHelpStringEmptyList
Method,fire.helputils_test.HelpUtilsTest.testHelpStringShortList,testHelpStringShortList
Method,fire.helputils_test.HelpUtilsTest.testHelpStringInt,testHelpStringInt
Method,fire.helputils_test.HelpUtilsTest.testHelpClassNoInit,testHelpClassNoInit
Method,fire.helputils_test.HelpUtilsTest.__init__,__init__
Function,C:\Users\wj86\Documents\gitrepo\python-workspace\python-fire\fire\helputils_test.py,helputils_test.py
File,C:\Users\wj86\Documents\gitrepo\python-workspace\python-fire\fire\inspectutils.py,inspectutils.py
Class,fire.inspectutils.FullArgSpec,FullArgSpec
Method,fire.inspectutils.FullArgSpec.__init__,__init__
Function,fire.inspectutils._GetArgSpecInfo,_GetArgSpecInfo
Function,fire.inspectutils.GetFullArgSpec,GetFullArgSpec
Function,fire.inspectutils.GetFileAndLine,GetFileAndLine
Function,fire.inspectutils.Info,Info
Function,fire.inspectutils._InfoBackup,_InfoBackup
File,C:\Users\wj86\Documents\gitrepo\python-workspace\python-fire\fire\inspectutils_test.py,inspectutils_test.py
Class,fire.inspectutils_test.InspectUtilsTest,InspectUtilsTest
Method,fire.inspectutils_test.InspectUtilsTest.testGetFullArgSpec,testGetFullArgSpec
Method,fire.inspectutils_test.InspectUtilsTest.testGetFullArgSpecPy3,testGetFullArgSpecPy3
Method,fire.inspectutils_test.InspectUtilsTest.testGetFullArgSpecFromBuiltin,testGetFullArgSpecFromBuiltin
Method,fire.inspectutils_test.InspectUtilsTest.testGetFullArgSpecFromSlotWrapper,testGetFullArgSpecFromSlotWrapper
Method,fire.inspectutils_test.InspectUtilsTest.testGetFullArgSpecFromClassNoInit,testGetFullArgSpecFromClassNoInit
Method,fire.inspectutils_test.InspectUtilsTest.testGetFullArgSpecFromMethod,testGetFullArgSpecFromMethod
Method,fire.inspectutils_test.InspectUtilsTest.testInfoOne,testInfoOne
Method,fire.inspectutils_test.InspectUtilsTest.testInfoClass,testInfoClass
Method,fire.inspectutils_test.InspectUtilsTest.testInfoClassNoInit,testInfoClassNoInit
Method,fire.inspectutils_test.InspectUtilsTest.__init__,__init__
Function,C:\Users\wj86\Documents\gitrepo\python-workspace\python-fire\fire\inspectutils_test.py,inspectutils_test.py
File,C:\Users\wj86\Documents\gitrepo\python-workspace\python-fire\fire\interact.py,interact.py
Function,fire.interact.Embed,Embed
Function,fire.interact._AvailableString,_AvailableString
Function,fire.interact._EmbedIPython,_EmbedIPython
Function,fire.interact._EmbedCode,_EmbedCode
File,C:\Users\wj86\Documents\gitrepo\python-workspace\python-fire\fire\interact_test.py,interact_test.py
Class,fire.interact_test.InteractTest,InteractTest
Method,fire.interact_test.InteractTest.testInteract,testInteract
Method,fire.interact_test.InteractTest.testInteractVariables,testInteractVariables
Method,fire.interact_test.InteractTest.__init__,__init__
Function,C:\Users\wj86\Documents\gitrepo\python-workspace\python-fire\fire\interact_test.py,interact_test.py
File,C:\Users\wj86\Documents\gitrepo\python-workspace\python-fire\fire\parser.py,parser.py
Function,fire.parser.CreateParser,CreateParser
Function,fire.parser.SeparateFlagArgs,SeparateFlagArgs
Function,fire.parser.DefaultParseValue,DefaultParseValue
Function,fire.parser._LiteralEval,_LiteralEval
Function,fire.parser._Replacement,_Replacement
File,C:\Users\wj86\Documents\gitrepo\python-workspace\python-fire\fire\parser_fuzz_test.py,parser_fuzz_test.py
Class,fire.parser_fuzz_test.ParserFuzzTest,ParserFuzzTest
Method,fire.parser_fuzz_test.ParserFuzzTest.testDefaultParseValueFuzz,testDefaultParseValueFuzz
Method,fire.parser_fuzz_test.ParserFuzzTest.__init__,__init__
Function,C:\Users\wj86\Documents\gitrepo\python-workspace\python-fire\fire\parser_fuzz_test.py,parser_fuzz_test.py
File,C:\Users\wj86\Documents\gitrepo\python-workspace\python-fire\fire\parser_test.py,parser_test.py
Class,fire.parser_test.ParserTest,ParserTest
Method,fire.parser_test.ParserTest.testCreateParser,testCreateParser
Method,fire.parser_test.ParserTest.testSeparateFlagArgs,testSeparateFlagArgs
Method,fire.parser_test.ParserTest.testDefaultParseValueStrings,testDefaultParseValueStrings
Method,fire.parser_test.ParserTest.testDefaultParseValueQuotedStrings,testDefaultParseValueQuotedStrings
Method,fire.parser_test.ParserTest.testDefaultParseValueSpecialStrings,testDefaultParseValueSpecialStrings
Method,fire.parser_test.ParserTest.testDefaultParseValueNumbers,testDefaultParseValueNumbers
Method,fire.parser_test.ParserTest.testDefaultParseValueStringNumbers,testDefaultParseValueStringNumbers
Method,fire.parser_test.ParserTest.testDefaultParseValueQuotedStringNumbers,testDefaultParseValueQuotedStringNumbers
Method,fire.parser_test.ParserTest.testDefaultParseValueOtherNumbers,testDefaultParseValueOtherNumbers
Method,fire.parser_test.ParserTest.testDefaultParseValueLists,testDefaultParseValueLists
Method,fire.parser_test.ParserTest.testDefaultParseValueBareWordsLists,testDefaultParseValueBareWordsLists
Method,fire.parser_test.ParserTest.testDefaultParseValueDict,testDefaultParseValueDict
Method,fire.parser_test.ParserTest.testDefaultParseValueNone,testDefaultParseValueNone
Method,fire.parser_test.ParserTest.testDefaultParseValueBool,testDefaultParseValueBool
Method,fire.parser_test.ParserTest.testDefaultParseValueBareWordsTuple,testDefaultParseValueBareWordsTuple
Method,fire.parser_test.ParserTest.testDefaultParseValueNestedContainers,testDefaultParseValueNestedContainers
Method,fire.parser_test.ParserTest.testDefaultParseValueComments,testDefaultParseValueComments
Method,fire.parser_test.ParserTest.testDefaultParseValueBadLiteral,testDefaultParseValueBadLiteral
Method,fire.parser_test.ParserTest.testDefaultParseValueSyntaxError,testDefaultParseValueSyntaxError
Method,fire.parser_test.ParserTest.testDefaultParseValueIgnoreBinOp,testDefaultParseValueIgnoreBinOp
Method,fire.parser_test.ParserTest.__init__,__init__
Function,C:\Users\wj86\Documents\gitrepo\python-workspace\python-fire\fire\parser_test.py,parser_test.py
File,C:\Users\wj86\Documents\gitrepo\python-workspace\python-fire\fire\testutils.py,testutils.py
Class,fire.testutils.BaseTestCase,BaseTestCase
Method,fire.testutils.BaseTestCase.assertOutputMatches,assertOutputMatches
Method,fire.testutils.BaseTestCase.assertRaisesFireExit,assertRaisesFireExit
Method,fire.testutils.BaseTestCase.__init__,__init__
Function,fire.testutils.main,main
File,C:\Users\wj86\Documents\gitrepo\python-workspace\python-fire\fire\testutils_test.py,testutils_test.py
Class,fire.testutils_test.TestTestUtils,TestTestUtils
Method,fire.testutils_test.TestTestUtils.testNoCheckOnException,testNoCheckOnException
Method,fire.testutils_test.TestTestUtils.testCheckStdoutOrStderrNone,testCheckStdoutOrStderrNone
Method,fire.testutils_test.TestTestUtils.testCorrectOrderingOfAssertRaises,testCorrectOrderingOfAssertRaises
Method,fire.testutils_test.TestTestUtils.__init__,__init__
Function,C:\Users\wj86\Documents\gitrepo\python-workspace\python-fire\fire\testutils_test.py,testutils_test.py
File,C:\Users\wj86\Documents\gitrepo\python-workspace\python-fire\fire\test_components.py,test_components.py
Function,fire.test_components.identity,identity
Function,fire.test_components.function_with_help,function_with_help
Class,fire.test_components.Empty,Empty
Method,fire.test_components.Empty.__init__,__init__
Class,fire.test_components.OldStyleEmpty,OldStyleEmpty
Method,fire.test_components.OldStyleEmpty.__init__,__init__
Class,fire.test_components.WithInit,WithInit
Method,fire.test_components.WithInit.__init__,__init__
Class,fire.test_components.ErrorInConstructor,ErrorInConstructor
Method,fire.test_components.ErrorInConstructor.__init__,__init__
Class,fire.test_components.WithHelpArg,WithHelpArg
Method,fire.test_components.WithHelpArg.__init__,__init__
Class,fire.test_components.NoDefaults,NoDefaults
Method,fire.test_components.NoDefaults.double,double
Method,fire.test_components.NoDefaults.triple,triple
Method,fire.test_components.NoDefaults.__init__,__init__
Class,fire.test_components.WithDefaults,WithDefaults
Method,fire.test_components.WithDefaults.double,double
Method,fire.test_components.WithDefaults.triple,triple
Method,fire.test_components.WithDefaults.__init__,__init__
Class,fire.test_components.OldStyleWithDefaults,OldStyleWithDefaults
Method,fire.test_components.OldStyleWithDefaults.double,double
Method,fire.test_components.OldStyleWithDefaults.triple,triple
Method,fire.test_components.OldStyleWithDefaults.__init__,__init__
Class,fire.test_components.MixedDefaults,MixedDefaults
Method,fire.test_components.MixedDefaults.ten,ten
Method,fire.test_components.MixedDefaults.sum,sum
Method,fire.test_components.MixedDefaults.identity,identity
Method,fire.test_components.MixedDefaults.__init__,__init__
Class,fire.test_components.Annotations,Annotations
Method,fire.test_components.Annotations.double,double
Method,fire.test_components.Annotations.triple,triple
Method,fire.test_components.Annotations.__init__,__init__
Class,fire.test_components.TypedProperties,TypedProperties
Method,fire.test_components.TypedProperties.__init__,__init__
Class,fire.test_components.VarArgs,VarArgs
Method,fire.test_components.VarArgs.cumsums,cumsums
Method,fire.test_components.VarArgs.varchars,varchars
Method,fire.test_components.VarArgs.__init__,__init__
Class,fire.test_components.Underscores,Underscores
Method,fire.test_components.Underscores.__init__,__init__
Method,fire.test_components.Underscores.underscore_function,underscore_function
Class,fire.test_components.BoolConverter,BoolConverter
Method,fire.test_components.BoolConverter.as_bool,as_bool
Method,fire.test_components.BoolConverter.__init__,__init__
Class,fire.test_components.ReturnsObj,ReturnsObj
Method,fire.test_components.ReturnsObj.get_obj,get_obj
Method,fire.test_components.ReturnsObj.__init__,__init__
Class,fire.test_components.NumberDefaults,NumberDefaults
Method,fire.test_components.NumberDefaults.reciprocal,reciprocal
Method,fire.test_components.NumberDefaults.integer_reciprocal,integer_reciprocal
Method,fire.test_components.NumberDefaults.__init__,__init__
Class,fire.test_components.InstanceVars,InstanceVars
Method,fire.test_components.InstanceVars.__init__,__init__
Method,fire.test_components.InstanceVars.run,run
Class,fire.test_components.Kwargs,Kwargs
Method,fire.test_components.Kwargs.props,props
Method,fire.test_components.Kwargs.upper,upper
Method,fire.test_components.Kwargs.run,run
Method,fire.test_components.Kwargs.__init__,__init__
Class,fire.test_components.ErrorRaiser,ErrorRaiser
Method,fire.test_components.ErrorRaiser.fail,fail
Method,fire.test_components.ErrorRaiser.__init__,__init__
Class,fire.test_components.NonComparable,NonComparable
Method,fire.test_components.NonComparable.__eq__,__eq__
Method,fire.test_components.NonComparable.__ne__,__ne__
Method,fire.test_components.NonComparable.__init__,__init__
Class,fire.test_components.EmptyDictOutput,EmptyDictOutput
Method,fire.test_components.EmptyDictOutput.totally_empty,totally_empty
Method,fire.test_components.EmptyDictOutput.nothing_printable,nothing_printable
Method,fire.test_components.EmptyDictOutput.__init__,__init__
Class,fire.test_components.CircularReference,CircularReference
Method,fire.test_components.CircularReference.create,create
Method,fire.test_components.CircularReference.__init__,__init__
Class,fire.test_components.OrderedDictionary,OrderedDictionary
Method,fire.test_components.OrderedDictionary.empty,empty
Method,fire.test_components.OrderedDictionary.non_empty,non_empty
Method,fire.test_components.OrderedDictionary.__init__,__init__
Class,fire.test_components.CallableWithKeywordArgument,CallableWithKeywordArgument
Method,fire.test_components.CallableWithKeywordArgument.__call__,__call__
Method,fire.test_components.CallableWithKeywordArgument.print_msg,print_msg
Method,fire.test_components.CallableWithKeywordArgument.__init__,__init__
File,C:\Users\wj86\Documents\gitrepo\python-workspace\python-fire\fire\test_components_py3.py,test_components_py3.py
Function,fire.test_components_py3.identity,identity
Class,fire.test_components_py3.KeywordOnly,KeywordOnly
Method,fire.test_components_py3.KeywordOnly.double,double
Method,fire.test_components_py3.KeywordOnly.triple,triple
Method,fire.test_components_py3.KeywordOnly.__init__,__init__
File,C:\Users\wj86\Documents\gitrepo\python-workspace\python-fire\fire\test_components_test.py,test_components_test.py
Class,fire.test_components_test.TestComponentsTest,TestComponentsTest
Method,fire.test_components_test.TestComponentsTest.testTestComponents,testTestComponents
Method,fire.test_components_test.TestComponentsTest.testNonComparable,testNonComparable
Method,fire.test_components_test.TestComponentsTest.__init__,__init__
Function,C:\Users\wj86\Documents\gitrepo\python-workspace\python-fire\fire\test_components_test.py,test_components_test.py
File,C:\Users\wj86\Documents\gitrepo\python-workspace\python-fire\fire\trace.py,trace.py
Class,fire.trace.FireTrace,FireTrace
Method,fire.trace.FireTrace.__init__,__init__
Method,fire.trace.FireTrace.GetResult,GetResult
Method,fire.trace.FireTrace.GetLastHealthyElement,GetLastHealthyElement
Method,fire.trace.FireTrace.HasError,HasError
Method,fire.trace.FireTrace.AddAccessedProperty,AddAccessedProperty
Method,fire.trace.FireTrace.AddCalledComponent,AddCalledComponent
Method,fire.trace.FireTrace.AddCompletionScript,AddCompletionScript
Method,fire.trace.FireTrace.AddInteractiveMode,AddInteractiveMode
Method,fire.trace.FireTrace.AddError,AddError
Method,fire.trace.FireTrace.AddSeparator,AddSeparator
Method,fire.trace.FireTrace._Quote,_Quote
Method,fire.trace.FireTrace.GetCommand,GetCommand
Method,fire.trace.FireTrace.NeedsSeparator,NeedsSeparator
Method,fire.trace.FireTrace.__str__,__str__
Class,fire.trace.FireTraceElement,FireTraceElement
Method,fire.trace.FireTraceElement.__init__,__init__
Method,fire.trace.FireTraceElement.HasError,HasError
Method,fire.trace.FireTraceElement.HasCapacity,HasCapacity
Method,fire.trace.FireTraceElement.HasSeparator,HasSeparator
Method,fire.trace.FireTraceElement.AddSeparator,AddSeparator
Method,fire.trace.FireTraceElement.__str__,__str__
File,C:\Users\wj86\Documents\gitrepo\python-workspace\python-fire\fire\trace_test.py,trace_test.py
Class,fire.trace_test.FireTraceTest,FireTraceTest
Method,fire.trace_test.FireTraceTest.testFireTraceInitialization,testFireTraceInitialization
Method,fire.trace_test.FireTraceTest.testFireTraceGetResult,testFireTraceGetResult
Method,fire.trace_test.FireTraceTest.testFireTraceHasError,testFireTraceHasError
Method,fire.trace_test.FireTraceTest.testAddAccessedProperty,testAddAccessedProperty
Method,fire.trace_test.FireTraceTest.testAddCalledCallable,testAddCalledCallable
Method,fire.trace_test.FireTraceTest.testAddCalledRoutine,testAddCalledRoutine
Method,fire.trace_test.FireTraceTest.testAddInstantiatedClass,testAddInstantiatedClass
Method,fire.trace_test.FireTraceTest.testAddCompletionScript,testAddCompletionScript
Method,fire.trace_test.FireTraceTest.testAddInteractiveMode,testAddInteractiveMode
Method,fire.trace_test.FireTraceTest.testGetCommand,testGetCommand
Method,fire.trace_test.FireTraceTest.testGetCommandWithQuotes,testGetCommandWithQuotes
Method,fire.trace_test.FireTraceTest.testGetCommandWithFlagQuotes,testGetCommandWithFlagQuotes
Method,fire.trace_test.FireTraceTest.__init__,__init__
Class,fire.trace_test.FireTraceElementTest,FireTraceElementTest
Method,fire.trace_test.FireTraceElementTest.testFireTraceElementHasError,testFireTraceElementHasError
Method,fire.trace_test.FireTraceElementTest.testFireTraceElementAsStringNoMetadata,testFireTraceElementAsStringNoMetadata
Method,fire.trace_test.FireTraceElementTest.testFireTraceElementAsStringWithTarget,testFireTraceElementAsStringWithTarget
Method,fire.trace_test.FireTraceElementTest.testFireTraceElementAsStringWithTargetAndLineNo,testFireTraceElementAsStringWithTargetAndLineNo
Method,fire.trace_test.FireTraceElementTest.__init__,__init__
Function,C:\Users\wj86\Documents\gitrepo\python-workspace\python-fire\fire\trace_test.py,trace_test.py
Package,fire,fire
File,C:\Users\wj86\Documents\gitrepo\python-workspace\python-fire\fire\__init__.py,__init__.py
File,C:\Users\wj86\Documents\gitrepo\python-workspace\python-fire\setup.py,setup.py
